time,open,high,low,close
2021-05-03,56617.0825,58984.0825,56507.07,57209.99
2021-05-04,57214.2275,57239.995,53085.2875,53239.4225
2021-05-05,53225.2725,57972.755,52946.1525,57511.91
2021-05-06,57513.26,58426.74,55270.4925,56439.795
2021-05-07,56437.5075,58726.755,55304.0325,57384.81
2021-05-08,57386.145,59546.02,56988.975,58969.925
2021-05-09,58964.3875,59295.8225,56280.6075,58303.4025
2021-05-10,58324.56,59594.7475,53501.0775,55879.4175
2021-05-11,55872.7375,56946.8125,54512.495,56759.9075
2021-05-12,56760.32,58011.03,48496.25,49459.7575
2021-05-13,49450.7875,51405.1925,45563.375,49685.1225
2021-05-14,49693.9575,51556.9275,48898.6675,49890.035
2021-05-15,49895.6275,50746.59,46559.7625,46756.4075
2021-05-16,46763.9825,49806.77,43796.375,46456.4725
2021-05-17,46453.9,46644.6125,42098.05,43577.1775
2021-05-18,43570.15,45842.2975,42302.9575,42879.025
2021-05-19,42891.2675,43585.1975,29876.05,36752.975
2021-05-20,36769.6325,42660.3975,34997.25,40612.6375
2021-05-21,40609.395,42286.12,33519.3575,37335.305
2021-05-22,37328.5525,38870.15,35259.9525,37485.48
2021-05-23,37477.6875,38295.44,31100.325,34730.7875
2021-05-24,34737.5725,39967.605,34431.2175,38853.5125
2021-05-25,38858.4525,39860.555,36489.3825,38384.4825
2021-05-26,38376.97,40889.7,37840.425,39294.965
2021-05-27,39295.2675,40425.205,37188.82,38536.2775
2021-05-28,38560.21,38900.745,34709.115,35685.1975
2021-05-29,35687.235,37323.2525,33658.335,34619.3575
2021-05-30,34636.9375,36507.8075,33409.8625,35676.71
2021-05-31,35670.66,37524.72,34196.4875,37308.4825
2021-06-01,37279.855,37923.395,35701.03,36685.2475
2021-06-02,36685.9975,38237.2675,35926.55,37580.4475
2021-06-03,37578.315,39484.6825,37180.7675,39229.3325
2021-06-04,39239.695,39272.9225,35582.8275,36864.8875
2021-06-05,36858.225,37925.7275,34834.3925,35536.965
2021-06-06,35536.7,36487.52,35257.32,35803.195
2021-06-07,35802.6825,36805.445,33330.3475,33584.455
2021-06-08,33569.8925,34070.955,31011.84,33412.1675
2021-06-09,33409.7075,37544.0575,32424.52,37401.73
2021-06-10,37413.4225,38426.9825,35815.685,36685.765
2021-06-11,36704.15,37677.5,35961.76,37336.5825
2021-06-12,37336.5875,37451.13,34668.78,35546.655
2021-06-13,35554.6275,39394.805,34789.5325,39026.525
2021-06-14,39026.76,41063.925,38756.7575,40534.765
2021-06-15,40534.46,41335.225,39501.835,40174.73
2021-06-16,40165.33,40495.2475,38094.855,38349.0475
2021-06-17,38352.3575,39560.6975,37373.78,38091.5475
2021-06-18,38101.2875,38208.0925,35147.245,35828.5925
2021-06-19,35835.41,36452.9525,34841.135,35496.7275
2021-06-20,35490.5575,36126.265,33351.2325,35592.295
2021-06-21,35593.3025,35749.11,31257.92,31628.705
2021-06-22,31613.265,33316.2275,28804.4,32531.0825
2021-06-23,32533.8975,34902.905,31901.5075,33676.2075
2021-06-24,33690.8925,35292.6925,32320.885,34666.66
2021-06-25,34670.1475,35304.64,31288.2575,31594.5075
2021-06-26,31589.3075,32712.1025,30170.08,32275.4475
2021-06-27,32275.5875,34732.8275,32014.125,34690.9775
2021-06-28,34706.3675,35308.1725,33875.2425,34488.3475
2021-06-29,34494.635,36650.9475,34247.8525,35907.5775
2021-06-30,35899.955,36094.52,34049.84,35041.1075
2021-07-01,35068.0775,35086.5175,32711.0625,33534.25
2021-07-02,33519.6675,33975.1025,32713.1325,33809.2275
2021-07-03,33806.4,34945.935,33331.0525,34684.7125
2021-07-04,34682.1675,35960.8775,34393.62,35293.315
2021-07-05,35283.9775,35287.76,33120.04,33697.2525
2021-07-06,33704.8575,35107.0525,33530.5075,34232.385
2021-07-07,34225.53,35075.04,33803.905,33882.7525
2021-07-08,33876.09,33941.29,32106.4,32883.2225
2021-07-09,32882.375,34105.7475,32279.99,33818.1725
2021-07-10,33824.505,34258.9525,33033.635,33519.4025
2021-07-11,33518.1,34602.9775,33335.9075,34251.9575
2021-07-12,34265.07,34670.7275,32671.06,33103.185
2021-07-13,33092.655,33335.505,32199.885,32727.8275
2021-07-14,32741.04,33113.145,31586.635,32819.0775
2021-07-15,32816.695,33185.58,31120.0775,31856.78
2021-07-16,31878.485,32256.475,31028.84,31394.39
2021-07-17,31389.82,31946.51,31177.1675,31527.1125
2021-07-18,31519.79,32442.1125,31120.5,31784.15
2021-07-19,31789.0925,31888.68,30414.8975,30830.1625
2021-07-20,30831.7525,31053.175,29293.86,29793
2021-07-21,29794.42,32862.605,29501.505,32135.375
2021-07-22,32136.545,32608.6425,31732.375,32291.6375
2021-07-23,32290.7475,33654.655,32025.225,33654.6525
2021-07-24,33655.2825,34521.015,33425.55,34289.215
2021-07-25,34291.6475,35446.245,33882.625,35428.2675
2021-07-26,35430.06,40564.455,35263.77,37268.7025
2021-07-27,37263.5325,39538.9575,36401.5875,39484.85
2021-07-28,39470.8,40917.8875,38799.6525,40026.4275
2021-07-29,40026.5025,40641.5425,39251.695,40029.9225
2021-07-30,40032.8975,42319.4675,38343.0175,42228.505
2021-07-31,42234.57,42406.4825,41051.2775,41493.865
2021-08-01,41497.9925,42604.7975,39425.6425,39867.6725
2021-08-02,39872.8,40451.5925,38691.27,39156.295
2021-08-03,39153.2425,39787.14,37619.825,38180.29
2021-08-04,38180.1375,39962.585,37497.5125,39728.1325
2021-08-05,39734.64,41421.1325,37316.515,40889.9125
2021-08-06,40889.615,43390.41,39889.4825,42839.7175
2021-08-07,42863.7275,44746.2375,42415.8175,44624.2
2021-08-08,44626.305,45363.41,43300.3225,43842.615
2021-08-09,43835.855,46502.635,42820.3725,46291.175
2021-08-10,46285.605,46723.825,44650.37,45599.3
2021-08-11,45600.155,46769.7525,45361.335,45553.7625
2021-08-12,45553.4275,46217.5025,43787.135,44424.67
2021-08-13,44415.9,47917.52,44254.8975,47838.4075
2021-08-14,47838.43,48178.0075,46030.8225,47115.0775
2021-08-15,47119.12,47400.905,45521.2425,47022.2825
2021-08-16,47021.725,48067.1475,45673.53,45917.8125
2021-08-17,45916.9025,47168.075,44412.1,44680.955
2021-08-18,44666.2,46026.9725,44224.0825,44702.93
2021-08-19,44676.69,47081.7475,43960.1375,46764.05
2021-08-20,46764.96,49409.025,46655.3275,49343.1725
2021-08-21,49345.1575,49814.37,48291.675,48872.535
2021-08-22,48873.46,49532.9275,48078.0475,49288.8975
2021-08-23,49291.6275,50518.98,49038.71,49530.47
2021-08-24,49512.7875,49873.9325,47602.265,47713.01
2021-08-25,47688.3725,49265.45,47122.21,49000.2575
2021-08-26,49002.3075,49366.68,46299.31,46858.64
2021-08-27,46850.485,49186.165,46370.4675,49084.0325
2021-08-28,49085.14,49315.3125,48349.945,48925.0275
2021-08-29,48928.4425,49659.25,47799.8225,48800.0725
2021-08-30,48794.5675,48902.695,46865.3625,46995.615
2021-08-31,46986.4875,48259.9,46713.6475,47140.64
2021-09-01,47124.365,49126.2375,46536.1875,48852.29
2021-09-02,48850.72,50391.7725,48632.3625,49289.2625
2021-09-03,49285.4975,51040.1375,48357.4625,50022.6475
2021-09-04,50026.1,50558.65,49391.555,49946.33
2021-09-05,49951.6675,51898.5725,49507.9075,51791.6375
2021-09-06,51791.6625,52803.0075,51018.4675,52698.0575
2021-09-07,52701.2175,52935.0525,42613.7525,46878.23
2021-09-08,46892.055,47376.9625,44430.98,46077.8625
2021-09-09,46063.6675,47403.8325,45520.355,46392.3625
2021-09-10,46385.2775,47031.7225,44139.39,44853.1875
2021-09-11,44852.78,45990.955,44747.26,45164.76
2021-09-12,45166.2275,46486.7825,44765.2025,46038.8925
2021-09-13,46040.8925,46881.1225,43415.665,44961.89
2021-09-14,44965.3025,47270.7275,44725.8825,47112.045
2021-09-15,47109.4025,48458.1925,46720.3525,48150.2275
2021-09-16,48136.2275,48494.0025,47039.04,47765.91
2021-09-17,47768.935,48174.68,46741.36,47291.0575
2021-09-18,47298.785,48817.1475,47057.62,48315.1775
2021-09-19,48307.6125,48396.255,46856.005,47249.3475
2021-09-20,47252.6175,47335.07,42490.9925,43011.9325
2021-09-21,43003.595,43629.175,39585.5525,40685.64
2021-09-22,40718.395,44034.7425,40582.81,43575.315
2021-09-23,43577.5275,44998.845,43108.655,44897.02
2021-09-24,44894.0825,45165.88,40705.64,42844.64
2021-09-25,42842.045,42990.38,41686.88,42712.155
2021-09-26,42705.0675,43942.7075,40805.61,43194.81
2021-09-27,43171.7475,44356.915,42120.7775,42177.77
2021-09-28,42167.305,42768.9,40892.3,41038.115
2021-09-29,41023.8325,42605.2275,40759.845,41533.695
2021-09-30,41527.9675,44103.67,41420.795,43821.91
2021-10-01,43822.7725,48490.17,43295.8425,48166.92
2021-10-02,48172.96,48353.56,47466.0125,47670.6225
2021-10-03,47659.6375,49252.37,47128.82,48235.595
2021-10-04,48232.78,49509.3875,46914.845,49241.84
2021-10-05,49253.8525,51907.185,49072.5725,51501.91
2021-10-06,51501.8725,55781.7775,50405.2625,55340.09
2021-10-07,55353.0225,55359.77,53358.5925,53798.51
2021-10-08,53810.2225,56136.42,53649.3575,53957.7325
2021-10-09,53961.75,55503.505,53690.4225,54966.9725
2021-10-10,54971.6475,56533.9,54119.0625,54696.93
2021-10-11,54677.15,57842.025,54450.1175,57493.035
2021-10-12,57487.2875,57684.5575,53928.4425,56007.4425
2021-10-13,56004.3125,57775.755,54247.0725,57376.32
2021-10-14,57379.6475,58537.7825,56827.29,57356.9225
2021-10-15,57359.2725,62901.595,56884.74,61668.5875
2021-10-16,61688.45,62360.35,60151.1225,60871.4575
2021-10-17,60874.1125,61705.8575,58928.515,61532.1675
2021-10-18,61527.5475,62679.65,59903.1625,62048.745
2021-10-19,62026.64,64481.03,61328.75,64278.115
2021-10-20,64292.1875,66993.3475,63535.7525,66023.1025
2021-10-21,66029.0125,66639.39,61079.5525,62210.005
2021-10-22,62204.89,63752.7,60018.55,60693.4425
2021-10-23,60689.78,61732.385,59635.78,61316.555
2021-10-24,61301.285,61480.9075,59521.5,60875.2975
2021-10-25,60862.755,63709.4975,60661.435,63087.895
2021-10-26,63089.0325,63286.655,59835.3175,60319.11
2021-10-27,60333.04,61488.4125,58110.1525,58473.77
2021-10-28,58482.7425,62500.085,57394.72,60600.135
2021-10-29,60601.56,62963.235,60187.07,62279.4025
2021-10-30,62274.69,62373.345,60705.6625,61899.5925
2021-10-31,61898.1475,62418.335,60013,61357.63
2021-11-01,61359.0625,62494.6125,59484.82,60947.0975
2021-11-02,60951.91,64307.2575,60677.65,63266.1025
2021-11-03,63269.015,63558.8625,60252.19,62937.0925
2021-11-04,62937.955,63128.465,60731.9825,61450.845
2021-11-05,61443.3825,62635.55,60788.3675,61016.1575
2021-11-06,61008.6225,61598.2975,60121.1775,61543.7625
2021-11-07,61539.35,63317.4725,61401.5775,63312.7675
2021-11-08,63313.0675,67789.05,63313.0675,67556.4625
2021-11-09,67551.1575,68535.8725,66272.5675,66947.1225
2021-11-10,66943.36,68997.75,62821.195,64936.2625
2021-11-11,64929.27,65605.49,64129.965,64822.07
2021-11-12,64805.79,65481.26,62523.145,64153.33
2021-11-13,64147.49,64980.565,63404.97,64406.96
2021-11-14,64403.79,65502.525,63607.715,65502.47
2021-11-15,65502.4725,66354.41,63376.5025,63617.4125
2021-11-16,63617.945,63620.4875,58611.3,60127.2875
2021-11-17,60114.9425,60847.7525,58456.2,60362.0725
2021-11-18,60364.3125,60969.26,56741.615,57052.64
2021-11-19,57040.3,58374.35,55900.045,58118.075
2021-11-20,58120.4275,59837.19,57431.21,59730.88
2021-11-21,59741.15,60068.09,58587.32,58666.18
2021-11-22,58669.22,59346.71,55650.79,56306.57
2021-11-23,56298.13,57878.93,55440.85,57573.43
2021-11-24,57571.15,57708.19,55894.41,57180.33
2021-11-25,57167.12,59442.02,57052.13,58971.93
2021-11-26,58983.15,59197.68,53539.26,53786.51
2021-11-27,53772.5,55332.68,53648.12,54775.66
2021-11-28,54760.62,57476.25,53317.32,57322.77
2021-11-29,57319.83,58908.16,56742.4,57838.79
2021-11-30,57838.34,59239.19,55923,56969.7
2021-12-01,57016.11,59103.77,56481.63,57241.55
2021-12-02,57232.25,57412.61,55851.75,56531.25
2021-12-03,56527,57572.31,52186.3,53676.95
2021-12-04,53660.92,53815.81,41631.28,49242.47
2021-12-05,49237.75,49761.72,47837.57,49467
2021-12-06,49472.65,50992.06,47171.66,50543.48
2021-12-07,50537.38,51980.92,50081.93,50636.64
2021-12-08,50634.99,51240.12,48696.24,50523.27
2021-12-09,50525.85,50827.67,47337.6,47582.37
2021-12-10,47572.78,49872.47,46891.87,47171.93
2021-12-11,47178,49514.17,46783.75,49394.45
2021-12-12,49413.96,50806.25,48679.56,50109.38
2021-12-13,50096.29,50220,45746.52,46725.12
2021-12-14,46732.73,48684.88,46311.06,48385.28
2021-12-15,48380.1,49503.71,46565.25,48884.45
2021-12-16,48883.71,49460.07,47543.48,47643.53
2021-12-17,47643.55,48038.83,45478.01,46176.46
2021-12-18,46156.92,47355.62,45526.28,46868.13
2021-12-19,46848.89,48313.62,46456.99,46696.22
2021-12-20,46682.33,47545.97,45581.22,46914.68
2021-12-21,46919.91,49333.41,46664.02,48924.74
2021-12-22,48917.86,49591.8,48465.16,48618.04
2021-12-23,48618.84,51391.27,48047.23,50838.48
2021-12-24,50844.29,51862.22,50451.24,50837.01
2021-12-25,50847.04,51155.94,50199.01,50440.34
2021-12-26,50425.83,51281.06,49451.85,50799.86
2021-12-27,50818.91,52103.63,50479.02,50702.05
2021-12-28,50707.74,50710.62,47307.33,47546.13
2021-12-29,47557.83,48140.49,46104.74,46475.49
2021-12-30,46470.94,47917.41,45937.05,47135.21
2021-12-31,47125.1,48580.49,45621.85,46198.9
2022-01-01,46202.77,47952.97,46201.22,47748.78
2022-01-02,47738.82,47981.62,46675.03,47317.13
2022-01-03,47300.8,47577.04,45702.55,46449.55
2022-01-04,46459.59,47518.14,45537.8,45831.42
2022-01-05,45832.38,46905.99,42479.65,43429.74
2022-01-06,43437.31,43774.67,42424.33,43102.27
2022-01-07,43099.92,43136.9,40630.01,41545.24
2022-01-08,41557.72,42312.65,40528.45,41691.12
2022-01-09,41691.19,42799.22,41218.37,41868.49
2022-01-10,41866.9,42246.94,39656.48,41842.27
2022-01-11,41840.1,43132.19,41291.06,42742.74
2022-01-12,42743.8,44341.98,42472.96,43928.88
2022-01-13,43928.66,44443.4,42331.18,42568.64
2022-01-14,42571.04,43469.64,41781.01,43091.7
2022-01-15,43089.85,43812.31,42553.69,43101
2022-01-16,43098.73,43489.16,42606.67,43171.39
2022-01-17,43174.04,43248.48,42022.19,42520.05
2022-01-18,42517.74,42857.21,41807.58,42622.29
2022-01-19,42624.98,42780.97,41697.31,42100.67
2022-01-20,42117.44,43476.37,41263.84,41363.23
2022-01-21,41347.9,41685.73,37403.43,38194.95
2022-01-22,38182.12,38465.07,36346.07,37146.04
2022-01-23,37152.38,38244.12,36805.48,38053.15
2022-01-24,38046.45,39003.69,35545.79,38369.21
2022-01-25,38371.72,39017.19,37621.54,38575.68
2022-01-26,38589.9,39732.91,36325.48,38464.14
2022-01-27,36834.78,38676.07,35534.99,37201.76
2022-01-28,37176.88,38016.6,36164.57,37743.16
2022-01-29,37729.26,38733.95,37309.76,38180.96
2022-01-30,38185.36,38370.82,37376.73,37923.56
2022-01-31,37913.28,38769.01,36655.99,38498.99
2022-02-01,38497.02,39288.75,38035.6,38723.35
2022-02-02,38739.08,38882.68,36606.38,36914.92
2022-02-03,36921.39,37390.62,36267.05,37322.6
2022-02-04,37325.51,41775.21,37060.28,41595.79
2022-02-05,41609.07,41969,40946.39,41418.02
2022-02-06,41422.08,42703.12,41128.25,42417.63
2022-02-07,42419.63,44525.24,41690.24,43869.2
2022-02-08,43879.07,45515.27,42694.13,44082.62
2022-02-09,44089.95,44852.98,43172.95,44420.56
2022-02-10,44416.64,45866.71,43219.87,43528.61
2022-02-11,43533.39,43970.62,41991.42,42397.41
2022-02-12,42394.52,43042.09,41756.92,42242.26
2022-02-13,42239.14,42773.05,41889.54,42073.76
2022-02-14,42074.56,42863.26,41576.16,42550.24
2022-02-15,42560.06,44776.31,42457.81,44573.39
2022-02-16,44574.41,44579.93,43331.68,43888.51
2022-02-17,43894.58,44191.7,40091.38,40546.12
2022-02-18,40538.77,40977.97,39436.35,39993.25
2022-02-19,39996.5,40462.57,39655.89,40104.1
2022-02-20,40101.21,40144.23,37994.3,38386.55
2022-02-21,38391.53,39495.19,36814.31,37032.64
2022-02-22,37026.12,38444.67,36363.75,38259.84
2022-02-23,38260.84,39282.1,37072.25,37261.73
2022-02-24,37262.01,39729.11,34329.29,38353.01
2022-02-25,38351.44,39710.99,38027.76,39232.14
2022-02-26,39232.39,40308.98,38599.38,39133.73
2022-02-27,39139.87,39879.78,37017.28,37711.29
2022-02-28,37712.31,44236.02,37461.68,43188.92
2022-03-01,43201.82,44977.21,42854.18,44438.27
2022-03-02,44439.96,45352.71,43353.54,43926.92
2022-03-03,43925.65,44103.67,41825.89,42466.71
2022-03-04,42467.35,42517.4,38585.79,39161.89
2022-03-05,39160.35,39616.73,38601.54,39406.8
2022-03-06,39401.93,39701.48,38100.06,38423
2022-03-07,38412.97,39552.59,37166.86,38008.62
2022-03-08,38000.69,39372.92,37869.55,38752.44
2022-03-09,38753.58,42592.68,38670.59,41964.16
2022-03-10,41952.6,42045.33,38562.48,39438.05
2022-03-11,39433.9,40240.74,38246.24,38735.35
2022-03-12,38734.32,39474.46,38671.66,38809.19
2022-03-13,38803.72,39309.96,37592.78,37790.82
2022-03-14,37785.75,39909.2,37572.55,39673.63
2022-03-15,39679.69,39908.84,38139.39,39351.91
2022-03-16,39323.03,41704.34,38846.01,41134.5
2022-03-17,41133.7,41480.98,40524.95,40951.81
2022-03-18,40950.66,42369.16,40139.42,41782.51
2022-03-19,41779.98,42403.4,41545.11,42228.16
2022-03-20,42229.39,42319.17,40932.14,41277.41
2022-03-21,41291.68,41576.99,40518.67,41027.61
2022-03-22,41017.81,43372.45,40906.23,42382.59
2022-03-23,42380.32,43022.8,41783.5,42910.55
2022-03-24,42906.53,44244.48,42629.48,44008.86
2022-03-25,44009.1,45120.79,43605.88,44325.51
2022-03-26,44331.57,44808.02,44106.65,44542.83
2022-03-27,44545.73,46948.42,44454.54,46856.67
2022-03-28,46852.57,48222.96,46678.63,47140.78
2022-03-29,47146.63,48124.61,46956.76,47454.07
2022-03-30,47450.46,47711.78,46558.45,47069.52
2022-03-31,47081.31,47620.79,45228.06,45526.92
2022-04-01,45520.97,46729.59,44245.62,46308.14
2022-04-02,46305.9,47211.05,45655.74,45821.46
2022-04-03,45821.98,47455.7,45564.64,46415.99
2022-04-04,46420.72,46888.33,45132.91,46602.28
2022-04-05,46604.52,47190.3,45375.78,45498.32
2022-04-06,45506.57,45524.26,43124.32,43181.76
2022-04-07,43173.92,43904.42,42744.05,43461.88
2022-04-08,43458.09,43977.2,42115.73,42281.62
2022-04-09,42267.51,42806,42128.53,42767.81
2022-04-10,42774.7,43435.06,41869.98,42155.88
2022-04-11,42161.99,42417.21,39219.44,39532.17
2022-04-12,39536.79,40690.77,39266.22,40087.3
2022-04-13,40090.95,41556.94,39590.38,41144.7
2022-04-14,41149.44,41498.15,39580.03,39953.82
2022-04-15,39957.1,40862.57,39788.77,40563.6
2022-04-16,40565.32,40700.29,40018.25,40389.5
2022-04-17,40384.85,40595.06,39563.54,39687.65
2022-04-18,39674.59,41087.55,38556.58,40809.49
2022-04-19,40810.1,41780.46,40586.14,41503.85
2022-04-20,41496.42,42218.37,40905.63,41375.16
2022-04-21,41375.89,42974.36,39777.82,40481.15
2022-04-22,40486.74,40794.93,39194.31,39719.22
2022-04-23,39711.92,39980.17,39305.35,39440.84
2022-04-24,39448.61,39933.62,38995.74,39465.69
2022-04-25,39460.95,40605.66,38211.01,40440.55
2022-04-26,40444.29,40794.43,37694.86,38123.48
2022-04-27,38117.16,39465.98,37893.12,39252.85
2022-04-28,39252.42,40376.47,38867.75,39748.89
2022-04-29,39748.42,39920.26,38156.71,38592.08
2022-04-30,38595.69,38789.62,37596.21,37648.79
2022-05-01,37644.98,38665.92,37403.24,38479.3
2022-05-02,38475.51,39161.83,38037.35,38511.75
2022-05-03,38507.81,38637.84,37515.93,37725.77
2022-05-04,37728.01,40032.42,37664.88,39680.04
2022-05-05,39678.74,39832.88,35538.6,36541.63
2022-05-06,36540.54,36652.28,35264.49,36010.24
2022-05-07,36010.16,36116.45,34779.46,35461.25
2022-05-08,35462.2,35497.62,33708.62,34027.56
2022-05-09,34035.88,34225.88,30027.24,30076.35
2022-05-10,30067.43,32638.87,29741.87,31001.31
2022-05-11,31004.06,32150.74,27715.67,28991.23
2022-05-12,28993.17,30092.28,25365.62,28928.01
2022-05-13,28937,30975.61,28683.22,29234
2022-05-14,29237.6,30280.22,28578.66,29874.84
2022-05-15,30046.96,31405.52,29444.3,31293.29
2022-05-16,31287.47,31288.29,29061.24,29832.75
2022-05-17,29838.75,30745.25,29411.65,30414.61
2022-05-18,30414.26,30667.54,28602.82,28672.03
2022-05-19,28667.77,30502.21,28654.51,30283.19
2022-05-20,30278.32,30727.4,28696.54,29166.42
2022-05-21,29168.29,29611.59,28919.32,29410.96
2022-05-22,29400.27,30459.38,29214.78,30264.11
2022-05-23,30260.6,30630.21,28841.88,29075.93
2022-05-24,29077.88,29811.2,28632.46,29630.68
2022-05-25,29627.35,30184.03,29308.62,29511.36
2022-05-26,29511.88,29851.26,27939.02,29175.27
2022-05-27,29169.81,29361.07,28251.13,28586.94
2022-05-28,28596.1,29231.76,28500.48,29013.09
2022-05-29,29013.88,29552.99,28815.2,29449.54
2022-05-30,29451.01,32199.46,29282.76,31719.73
2022-05-31,31706.31,32384.54,31202.17,31775.89
2022-06-01,31781.64,31951.03,29313.75,29787.13
2022-06-02,29789.19,30857.57,29571.43,30433.5
2022-06-03,30433.56,30668.52,29239.09,29673.24
2022-06-04,29678.33,29952.22,29454.37,29845.93
2022-06-05,29839.87,30149.96,29513.87,29899.4
2022-06-06,29902.42,31737.04,29871.22,31351.91
2022-06-07,31350.82,31547.6,29198.7,31107.6
2022-06-08,31104.91,31303.34,29837.64,30185.45
2022-06-09,30187.24,30669.94,29911.67,30080.69
2022-06-10,30078.77,30357.26,28833.25,29061.48
2022-06-11,29059.17,29407.09,28090.16,28387.02
2022-06-12,28395.94,28511.41,26517.39,26565.12
2022-06-13,26546.5,26849.82,21920.2,22458.28
2022-06-14,22445.38,23297.6,20820.76,22109.15
2022-06-15,22106.02,22773.55,20076.43,22560.52
2022-06-16,22558.72,22960.59,20203.56,20350.22
2022-06-17,20375.95,21331.2,20220.98,20441.06
2022-06-18,20440.54,20749,17591.96,18951.09
2022-06-19,18948.38,20790.46,17929.28,20552.98
2022-06-20,20550.63,21039.07,19631.43,20586.13
2022-06-21,20551.51,21701.44,20330.97,20702.57
2022-06-22,20702.41,20866.51,19750.68,19961.51
2022-06-23,19964.18,21205.32,19872.81,21096.53
2022-06-24,21099.88,21532.73,20720.29,21216.63
2022-06-25,21223.24,21589.19,20896.44,21481.56
2022-06-26,21478.41,21867.79,20957.93,21029.53
2022-06-27,21026.47,21517.6,20498.95,20711.61
2022-06-28,20715.23,21182.21,20173.33,20253.96
2022-06-29,20253.69,20401.41,19828.53,20091.47
2022-06-30,20096.49,20136.62,18608.03,19949.77
2022-07-01,19960.39,20883.93,18945.86,19248.11
2022-07-02,19254.56,19423.04,18963.38,19224.84
2022-07-03,19228.29,19630.9,18758.64,19292.67
2022-07-04,19294.22,20324.27,19033.98,20208.46
2022-07-05,20209.38,20726.41,19285.22,20162.71
2022-07-06,20161.75,20618.24,19747.43,20544.2
2022-07-07,20543.08,21840.99,20235.26,21621.52
2022-07-08,21617.25,22452.18,21174.99,21589.1
2022-07-09,21583.22,21954.89,21316.78,21581.19
2022-07-10,21580.64,21591.23,20634.71,20843.12
2022-07-11,20845.93,20853.02,19871.22,19946.61
2022-07-12,19945.38,20034,19227.92,19310.95
2022-07-13,19315.26,20338.83,18904.41,20229.58
2022-07-14,20222.12,20891.93,19609.22,20576.56
2022-07-15,20575.24,21188.96,20371.87,20828.63
2022-07-16,20825.38,21576.75,20477.43,21196.9
2022-07-17,21190.9,21662.48,20755.1,20793.29
2022-07-18,20790.02,22767.53,20761.84,22438.4
2022-07-19,22441.38,23795.06,21586.35,23402.53
2022-07-20,23399.61,24277.96,22922.33,23223.96
2022-07-21,23218.69,23431.68,22348.63,23158.95
2022-07-22,23156.26,23755.2,22514.32,22684.25
2022-07-23,22690.43,23000.27,21947.3,22459.15
2022-07-24,22459.72,23012.75,22268.45,22586.22
2022-07-25,22586.23,22664.9,21260.12,21306.56
2022-07-26,21308.58,21337.12,20709.26,21264.87
2022-07-27,21263.12,23119.04,21050.19,22964.43
2022-07-28,22969.77,24200.17,22566.12,23855.88
2022-07-29,23852.54,24459.8,23439.86,23789.6
2022-07-30,23788.07,24675.03,23524.73,23645.08
2022-07-31,23648.58,24189.32,23246.01,23315.95
2022-08-01,23304.94,23513.82,22861.52,23277.07
2022-08-02,23278.74,23463.05,22665.14,22994.19
2022-08-03,22995.62,23645.97,22696.42,22831.86
2022-08-04,22826.58,23227.41,22402.03,22621.93
2022-08-05,22627.17,23476.23,22592.67,23322.46
2022-08-06,23319.95,23350.12,22926.35,22952.69
2022-08-07,22957.86,23403.23,22855.5,23181.62
2022-08-08,23179.86,24245.04,23165.41,23820.8
2022-08-09,23816.39,23919.52,22880.85,23159.22
2022-08-10,23157.94,24220,22676.61,23961.97
2022-08-11,23960.8,24915.5,23869.59,23954.9
2022-08-12,23954.4,24461.1,23604.07,24413.41
2022-08-13,24417.98,24904.88,24305.96,24452.44
2022-08-14,24455.15,25045.61,24161.27,24314.02
2022-08-15,24315.41,25207.71,23786.19,24103.81
2022-08-16,24100.88,24247.78,23674.05,23865.17
2022-08-17,23864.33,24432.87,23189.52,23341.6
2022-08-18,23343.34,23595.27,23111.04,23196.34
2022-08-19,23192.52,23200.47,20793.1,20836.46
2022-08-20,20836.46,21368.71,20765.5,21140.87
2022-08-21,21144.06,21794.33,21072.19,21495.97
2022-08-22,21519.23,21531.6,20900.3,21404.35
2022-08-23,21404.18,21675.58,20897.17,21523
2022-08-24,21524.67,21902.85,21151.05,21370.71
2022-08-25,21368.69,21810.94,21315.27,21566.32
2022-08-26,21559.81,21873.84,20112.15,20246.01
2022-08-27,20240.68,20377.76,19804.96,20037.31
2022-08-28,20038.21,20154.5,19522.36,19550.11
2022-08-29,19553.98,20417.94,19552.04,20294.27
2022-08-30,20292.52,20573.94,19549.2,19811.34
2022-08-31,19821.28,20484.35,19811.57,20053.81
2022-09-01,20050.07,20201.73,19565.74,20127.44
2022-09-02,20130.6,20438.09,19762.1,19954.25
2022-09-03,19953.02,20048.74,19660.86,19835.94
2022-09-04,19835.06,20020.46,19594.03,20004.08
2022-09-05,20006.61,20051.5,19638.15,19791.58
2022-09-06,19793.65,20171.52,18667.06,18790.61
2022-09-07,18795.9,19460.3,18535.47,19285.24
2022-09-08,19295.25,19451.63,19017.93,19322.2
2022-09-09,19323.45,21602.83,19302.29,21370.03
2022-09-10,21373.53,21807.26,21132.57,21655.74
2022-09-11,21662.26,21861.83,21361.52,21839.13
2022-09-12,21834.42,22483.73,21559.45,22403.06
2022-09-13,22399.41,22789.75,19865.09,20174.25
2022-09-14,20174.37,20530.59,19623.9,20231.86
2022-09-15,20229.49,20333.47,19499.83,19699.88
2022-09-16,19703.79,19887.61,19322.35,19800.14
2022-09-17,19800.38,20186.15,19755.04,20117
2022-09-18,20117.31,20119.33,19343.39,19420.94
2022-09-19,19421.18,19679.1,18249.97,19538.12
2022-09-20,19536.8,19634.57,18725.93,18876.62
2022-09-21,18875.49,19910.47,18151.31,18456.46
2022-09-22,18463.28,19517.69,18366.56,19403.42
2022-09-23,19405.34,19491.02,18536.25,19289.97
2022-09-24,19288.92,19307.06,18813.06,18924.36
2022-09-25,18922.73,19176.25,18636.47,18808.52
2022-09-26,18807.41,19311.08,18689.95,19227.65
2022-09-27,19229.51,20379.09,18826.44,19081.15
2022-09-28,19082.54,19773.28,18478.88,19409.26
2022-09-29,19406.77,19641.12,18847.74,19594.92
2022-09-30,19596.28,20177.32,19154.78,19426.02
2022-10-01,19423.86,19484.26,19169.03,19315.3
2022-10-02,19313.68,19393.55,18931.51,19057.33
2022-10-03,19061.28,19710.86,18972.41,19634.52
2022-10-04,19633.27,20470.34,19500.47,20344.04
2022-10-05,20344.06,20366.35,19745.79,20163.1
2022-10-06,20161.99,20449.26,19874.41,19958.59
2022-10-07,19960.63,20055.76,19331.34,19532.76
2022-10-08,19533.12,19625.63,19252.18,19418.17
2022-10-09,19421.01,19559.37,19327.23,19445.94
2022-10-10,19442.08,19524.73,19031.76,19131.93
2022-10-11,19131.19,19263.11,18857.22,19056.5
2022-10-12,19057.97,19232.77,18977.98,19156.58
2022-10-13,19155.82,19503.13,18164.48,19380.96
2022-10-14,19378.24,19946.71,19076.03,19181.61
2022-10-15,19181.89,19225.48,18995,19069.45
2022-10-16,19071.81,19423.95,19067.87,19263.43
2022-10-17,19262.52,19671.52,19162.59,19550.45
2022-10-18,19549.83,19699,19100.47,19331.81
2022-10-19,19329.63,19358.06,19070.49,19125.59
2022-10-20,19127.11,19344.51,18912.65,19044.25
2022-10-21,19043.92,19246.83,18660.53,19166.92
2022-10-22,19169.34,19251.92,19118.86,19206.4
2022-10-23,19206.9,19685.95,19077.69,19570.93
2022-10-24,19570.86,19588.28,19166.9,19332.22
2022-10-25,19332.23,20411.47,19241.11,20086.89
2022-10-26,20086.89,21014.28,20064.25,20774.74
2022-10-27,20776.28,20874,20211.7,20292.27
2022-10-28,20292.32,20746.76,20021.87,20599.09
2022-10-29,20600,21067.55,20566.1,20820.06
2022-10-30,20819.77,20930.85,20524.7,20628.62
2022-10-31,20628.25,20831.32,20245.44,20495.81
2022-11-01,20495.71,20682.01,20334.23,20480.62
2022-11-02,20481.47,20801.25,20062.89,20153.01
2022-11-03,20152.98,20384.28,20042.74,20206.42
2022-11-04,20208.06,21297.91,20183.34,21150.52
2022-11-05,21151.9,21472.01,21086.29,21300.78
2022-11-06,21301.83,21361.7,20896.45,20914.74
2022-11-07,20910.54,21068.96,20398.07,20570.04
2022-11-08,20569.01,20667.72,17266.11,18547.62
2022-11-09,18545.28,18584.55,15597.07,15878.21
2022-11-10,15882.66,18146.27,15733.05,17557.04
2022-11-11,17557.43,17643.65,16358.02,16992.47
2022-11-12,16992.77,17033.02,16586.21,16776.14
2022-11-13,16778.31,16916.8,16238.86,16309.05
2022-11-14,16308.39,17145.88,15796.83,16590.41
2022-11-15,16589.83,17099.42,16513.04,16873.79
2022-11-16,16874.18,16981.01,16373.64,16647.91
2022-11-17,16653.12,16731.39,16408.27,16677.78
2022-11-18,16677.78,16972.72,16541.04,16681.04
2022-11-19,16684.07,16796.5,16544.11,16685.13
2022-11-20,16684.55,16730.28,16163.83,16255.15
2022-11-21,16255.1,16268.74,15479.42,15760.8
2022-11-22,15760.5,16282.11,15601.38,16195.94
2022-11-23,16196.3,16661.72,16150.96,16597.42
2022-11-24,16597.1,16786.79,16457.54,16587.76
2022-11-25,16587.76,16601.83,16342.08,16507.83
2022-11-26,16507.83,16684.08,16416.44,16452.93
2022-11-27,16452.61,16588.79,16400.08,16424.41
2022-11-28,16424.37,16476.28,16002.66,16209.05
2022-11-29,16209.03,16531.92,16098.52,16433.95
2022-11-30,16434.19,17243.55,16427.95,17167.82
2022-12-01,17167.37,17263.68,16875.37,16977.74
2022-12-02,16977.74,17099.28,16804.73,17094.08
2022-12-03,17093.97,17154.29,16878.3,16894.08
2022-12-04,16894.24,17199.43,16890.37,17113.75
2022-12-05,17113.5,17421.22,16878.1,16966.51
2022-12-06,16966.46,17101.61,16917.33,17088.06
2022-12-07,17086.91,17132.32,16706.03,16838.69
2022-12-08,16838.53,17295.42,16744.38,17229.22
2022-12-09,17229.11,17351.57,17072.43,17130.89
2022-12-10,17130.86,17225.95,17102.93,17130.07
2022-12-11,17130.32,17264.82,17079.64,17091.9
2022-12-12,17090.12,17240.04,16881.63,17210.86
2022-12-13,17209.6,17968.57,17093.5,17772.5
2022-12-14,17772.45,18365.03,17669.57,17804.11
2022-12-15,17804.2,17857.99,17285.86,17359.72
2022-12-16,17358.03,17508.68,16547.31,16633.41
2022-12-17,16633.82,16798.09,16588.09,16786.54
2022-12-18,16786.53,16854.32,16673.11,16745.81
2022-12-19,16746.1,16815.45,16273.92,16440.67
2022-12-20,16440.95,17014.17,16399.66,16902.24
2022-12-21,16900.02,16922.26,16740.75,16825.25
2022-12-22,16825.58,16866.14,16566.91,16819.09
2022-12-23,16818.88,16933.14,16757.97,16779.36
2022-12-24,16779.52,16853.37,16777.95,16840.76
2022-12-25,16840.66,16850.74,16723.75,16828.9
2022-12-26,16828.95,16930.09,16797.83,16913.94
2022-12-27,16914.67,16962.26,16594.92,16697.52
2022-12-28,16697.25,16764.29,16467.04,16538.67
2022-12-29,16538.67,16648.62,16486.3,16629.82
2022-12-30,16629.8,16638.17,16337.47,16597.29
2022-12-31,16597.22,16626.93,16475.41,16528.89
2023-01-01,16529.49,16619.63,16496.85,16613.48
2023-01-02,16613.59,16779.52,16550.33,16668.97
2023-01-03,16668.69,16766.33,16602.74,16670.73
2023-01-04,16670.29,16983.08,16650.66,16849.16
2023-01-05,16849.25,16871.78,16752.22,16825.79
2023-01-06,16825.98,17027.49,16679.81,16950.52
2023-01-07,16950.5,16977.59,16909.24,16944.81
2023-01-08,16944.76,17158.47,16915.83,17124.86
2023-01-09,17124.86,17394.45,17108.31,17179.7
2023-01-10,17179.69,17489.69,17150.45,17443.89
2023-01-11,17443.89,17989.86,17316.06,17941.69
2023-01-12,17940.97,19104.01,17912.4,18852.7
2023-01-13,18852.95,19994.4,18720.89,19932.48
2023-01-14,19932.28,21322.68,19900.39,20959.43
2023-01-15,20959.7,21056.74,20564.83,20884.18
2023-01-16,20884.77,21451.74,20630.28,21189.86
2023-01-17,21190.85,21583.05,20860.99,21140.12
2023-01-18,21139.76,21640.13,20404.71,20676.07
2023-01-19,20674.13,21192.16,20662.18,21085.41
2023-01-20,21085.37,22748.05,20872.99,22679.14
2023-01-21,22679.46,23354.14,22446.83,22785.95
2023-01-22,22785.94,23082.16,22311.85,22717.7
2023-01-23,22716.76,23170.81,22520.31,22921.29
2023-01-24,22921.38,23160.74,22467.03,22638
2023-01-25,22638.56,23818.19,22334.22,23056.8
2023-01-26,23056.8,23282.76,22865.5,23011.11
2023-01-27,23011.34,23501.54,22544.82,23080.06
2023-01-28,23080.66,23187.87,22891.64,23031.1
2023-01-29,23031.26,23955.61,22982.56,23750.97
2023-01-30,23750.61,23800.25,22508.73,22832.84
2023-01-31,22832.84,23306.97,22726.98,23132.21
2023-02-01,23131.79,23805.37,22776.77,23729.84
2023-02-02,23730.27,24258.14,23384.17,23491.99
2023-02-03,23490.43,23716.15,23215.5,23437.01
2023-02-04,23437.07,23582.07,23265.85,23332.69
2023-02-05,23331.97,23428.6,22766.06,22938.34
2023-02-06,22938.19,23151.78,22640.5,22764.17
2023-02-07,22763.81,23339.42,22751.35,23250.93
2023-02-08,23250.95,23444.46,22681.78,22966.38
2023-02-09,22965.96,23012.31,21703.39,21797.75
2023-02-10,21797.75,21937.66,21475.49,21635.15
2023-02-11,21634.75,21901.41,21611.98,21864.96
2023-02-12,21864.96,22087.32,21642.42,21787.12
2023-02-13,21787.3,21896.65,21375.49,21789.63
2023-02-14,21789.59,22323.57,21559.58,22211.03
2023-02-15,22211.03,24373.39,22060.37,24330.81
2023-02-16,24330.29,25249.69,23514.63,23519.85
2023-02-17,23520.17,25016.07,23356.78,24578.37
2023-02-18,24578.62,24869.32,24449.01,24638.27
2023-02-19,24638.17,25188.36,24207.4,24288.51
2023-02-20,24287.89,25113.05,23860.9,24841.34
2023-02-21,24841.18,25254.28,24163.34,24449.26
2023-02-22,24448.61,24467.75,23594.41,24186.54
2023-02-23,24186.66,24595.28,23625.97,23943.19
2023-02-24,23941.53,24126.9,22848.28,23190.5
2023-02-25,23190.5,23216.26,22761.85,23164.72
2023-02-26,23164.72,23679.4,23067.63,23558.98
2023-02-27,23559.82,23888.85,23123.47,23492.47
2023-02-28,23491.81,23595.91,23037.79,23133.61
2023-03-01,23135.8,23984.14,23037.71,23638.25
2023-03-02,23638.1,23793.26,23203.93,23467.3
2023-03-03,23467.43,23478.25,22001.13,22394
2023-03-04,22394,22624.68,22165.23,22349.12
2023-03-05,22348.82,22644.72,22210.29,22428.98
2023-03-06,22428.81,22595.64,22271.27,22417.1
2023-03-07,22414.14,22549.69,21949.46,22201.84
2023-03-08,22201.21,22281.36,21596.69,21701.47
2023-03-09,21701.73,21822.23,20052.82,20346.9
2023-03-10,20346.89,20347.77,19569,20222.68
2023-03-11,20222.68,20888.18,20158.99,20726.53
2023-03-12,20726.84,22309.17,20550,22242.23
2023-03-13,22237.22,24610.4,21953.91,24216.58
2023-03-14,24215.38,26531.99,24065.18,24758.48
2023-03-15,24758.21,25281.72,23954.36,24376.05
2023-03-16,24376.05,25215.27,24224.76,25051.83
2023-03-17,25051.89,27820.99,24950.22,27454.17
2023-03-18,27455.57,27775.2,26666.68,26976.15
2023-03-19,26976.08,28462.78,26903.61,28051.94
2023-03-20,28053.22,28560.56,27230.87,27806.91
2023-03-21,27806.8,28493.82,27417.02,28190.61
2023-03-22,28189.08,28910.47,26675.15,27319.63
2023-03-23,27318.17,28812.19,27187.22,28342.19
2023-03-24,28341.46,28419.87,27035.52,27493.31
2023-03-25,27493.31,27810.55,27191.34,27492.9
2023-03-26,27493.25,28221.22,27447.98,28001
2023-03-27,27999.24,28044.07,26535.12,27140.89
2023-03-28,27141.16,27505.73,26641.46,27274.8
2023-03-29,27274.77,28638.26,27259.84,28348.99
2023-03-30,28356.83,29175.12,27703.93,28012.29
2023-03-31,28012.12,28648.83,27531.06,28475.97
2023-04-01,28476.44,28816.22,28245.96,28469.31
2023-04-02,28469.2,28535.81,27881.95,28189.84
2023-04-03,28189.84,28512.23,27238.31,27811.63
2023-04-04,27811.07,28438.95,27674.63,28177.64
2023-04-05,28177.4,28782.17,27821.55,28180.65
2023-04-06,28180.89,28194.4,27719.73,28048.62
2023-04-07,28053.41,28116.8,27799.14,27927.76
2023-04-08,27928.86,28169.44,27889.68,27961.12
2023-04-09,27960.97,28541.01,27824.73,28336.98
2023-04-10,28337.3,29788.26,28182.66,29655.05
2023-04-11,29654.77,30577.75,29629.66,30235.59
2023-04-12,30235.59,30505.03,29682.7,29903.45
2023-04-13,29903.45,30624.91,29886.03,30408.8
2023-04-14,30409.61,31043.23,30009.48,30492.28
2023-04-15,30492.27,30616.96,30245.14,30318.23
2023-04-16,30318.47,30553.25,30149.19,30320.82
2023-04-17,30318.87,30328.56,29256.38,29447.25
2023-04-18,29447.25,30470.98,29125.98,30387.96
2023-04-19,30388.24,30417.42,28598.28,28816.34
2023-04-20,28816.36,29096.53,27992.61,28214.41
2023-04-21,28215.43,28305.18,27145.3,27257.38
2023-04-22,27257.09,27879.34,27137.06,27819.07
2023-04-23,27818.93,27819.88,27346.79,27592.89
2023-04-24,27592.83,27991.15,26978.53,27514.14
2023-04-25,27514.07,28392.59,27198.56,28301.82
2023-04-26,28301.82,30021.99,27240.93,28425.22
2023-04-27,28425.92,29885.81,28392.2,29480.04
2023-04-28,29481.88,29600.51,28917.14,29334.33
2023-04-29,29334.54,29459.21,29062.59,29246.06
2023-04-30,29246.03,29962.65,29112.25,29240.15
2023-05-01,29239.94,29338.85,27670.88,28085.02
2023-05-02,28085.06,28890.03,27880.76,28679.69
2023-05-03,28680.16,29264.93,28139.27,29032.03
2023-05-04,29032.08,29366.67,28689.16,28851.84
2023-05-05,28851.75,29692.56,28835.76,29537.89
2023-05-06,29537.42,29840.44,28403.58,28904.26
2023-05-07,28902.89,29187.13,28441.2,28462.89
2023-05-08,28465.68,28665.22,27289.3,27692.79
2023-05-09,27692.34,27828.49,27371.08,27645.16
2023-05-10,27644.66,28328.32,26814.68,27619.39
2023-05-11,27618.76,27659.31,26728.74,26987.97
2023-05-12,26988.18,27093.38,25827.1,26808.58
2023-05-13,26808.68,27056.99,26704.41,26787.17
2023-05-14,26787.69,27203.8,26596.86,26927.54
2023-05-15,26927.54,27673.28,26748.88,27167.35
2023-05-16,27165.53,27301.54,26863.04,27038.99
2023-05-17,27039,27493.17,26558.01,27404.3
2023-05-18,27404.3,27480.35,26367.57,26821.77
2023-05-19,26822.04,27171.94,26645.35,26890.71
2023-05-20,26890.71,27158.05,26840.6,27113.42
2023-05-21,27115.85,27278.39,26679.54,26752.43
2023-05-22,26751.74,27086.75,26544.21,26853.97
2023-05-23,26853.82,27480.33,26806.39,27224.36
2023-05-24,27224.27,27227.8,26076.32,26326.93
2023-05-25,26326.94,26609.12,25876.46,26478.85
2023-05-26,26478.44,26936.92,26339.17,26716.9
2023-05-27,26717.4,26896.29,26570.97,26869.59
2023-05-28,26871.32,28258.03,26787.6,28079.34
2023-05-29,28079.09,28457.93,27543.76,27744.77
2023-05-30,27746.49,28050.3,27565.93,27701.79
2023-05-31,27701.93,27836.27,26847.74,27218.46
2023-06-01,27217.93,27350.24,26622.44,26823.94
2023-06-02,26823.77,27304.65,26512.9,27252.07
2023-06-03,27252.99,27335.26,26932.81,27076.44
2023-06-04,27076.36,27456.98,26965.5,27121.86
2023-06-05,27122.87,27131.19,25422.74,25734.32
2023-06-06,25735.91,27352.89,25361.81,27240.65
2023-06-07,27240.63,27388.7,26136.72,26350
2023-06-08,26350.17,26819.04,26220.27,26509.58
2023-06-09,26508.93,26771.57,26297.26,26483.46
2023-06-10,26483.46,26530.67,25404.46,25854.68
2023-06-11,25854.68,26206.37,25658.84,25935.88
2023-06-12,25935.52,26098.46,25627.06,25904.71
2023-06-13,25904.75,26417.32,25716.89,25931.61
2023-06-14,25931.31,26073.17,24828.9,25127.23
2023-06-15,25126.93,25738.16,24757.79,25573.66
2023-06-16,25573.94,26471.19,25186.62,26329
2023-06-17,26329,26783.01,26172.86,26509.37
2023-06-18,26509.73,26688.03,26265.81,26338.83
2023-06-19,26338.8,27036.82,26263.89,26840.03
2023-06-20,26840.34,28407.64,26649.47,28315.77
2023-06-21,28315.26,30776.79,28283.75,29996.52
2023-06-22,29996.06,30491.28,29572.67,29890.82
2023-06-23,29891.43,31414.77,29816.57,30701.74
2023-06-24,30702.23,30807.63,30275.44,30545.75
2023-06-25,30545.78,31043.29,30287.51,30473
2023-06-26,30473,30656.06,29937.71,30270.85
2023-06-27,30270.86,31011.14,30229.38,30697.83
2023-06-28,30697.5,30711.12,29863.07,30080.68
2023-06-29,30080.68,30828.8,30044.76,30449.02
2023-06-30,30448.82,31267.44,29464.25,30469.98
2023-07-01,30469.86,30649.84,30327.5,30589.67
2023-07-02,30589.17,30781.56,30183.71,30617.86
2023-07-03,30617.87,31382.86,30588.13,31154.1
2023-07-04,31153.84,31325.98,30634.88,30775.34
2023-07-05,30775.34,30870.27,30193.18,30503.63
2023-07-06,30503.63,31510.38,29879.59,29910.44
2023-07-07,29911.35,30444.04,29763.37,30348.93
2023-07-08,30348.5,30381.53,30058.17,30292.66
2023-07-09,30292.66,30436.96,30079.9,30170.46
2023-07-10,30170.43,31037.05,29962.64,30418.12
2023-07-11,30419.48,30801.21,30316,30623
2023-07-12,30622.53,30967.8,30221.76,30386.03
2023-07-13,30386.39,31827.16,30265.92,31476.41
2023-07-14,31476.43,31626.13,29945.32,30331.88
2023-07-15,30331.98,30401.22,30265.31,30300.3
2023-07-16,30300.3,30444.53,30082.52,30245.6
2023-07-17,30244.83,30336.57,29674.43,30147.96
2023-07-18,30147.96,30237.75,29535.92,29864.26
2023-07-19,29864.94,30187.04,29770.01,29916.8
2023-07-20,29916.82,30413.8,29580.47,29805.48
2023-07-21,29805.48,30055.21,29734.55,29910.21
2023-07-22,29910,29991.25,29640.46,29786.08
2023-07-23,29785.49,30335.91,29743.95,30085.1
2023-07-24,30084.6,30095.89,28862.62,29178.1
2023-07-25,29178.47,29367.32,29058.31,29228.62
2023-07-26,29228.61,29681.44,29104.76,29348.33
2023-07-27,29348.08,29564.07,29083.82,29216.45
2023-07-28,29216.46,29522.31,29123.02,29317.29
2023-07-29,29317.63,29401.31,29262.47,29359.46
2023-07-30,29359.49,29443.06,29045.33,29279.33
2023-07-31,29279.19,29510.96,29117.06,29230.16
2023-08-01,29230.14,29711.19,28624.48,29698.56
2023-08-02,29700.24,30020.79,28926.22,29160.34
2023-08-03,29160.26,29392.93,28943.4,29182
2023-08-04,29182,29303,28794.34,29077.71
2023-08-05,29077.74,29110.42,28956.58,29048.65
2023-08-06,29048.73,29159.18,28958.12,29039.93
2023-08-07,29039.95,29239.81,28659.42,29179.08
2023-08-08,29179.13,30198.21,29109.28,29767.69
2023-08-09,29767.69,30112.14,29358.3,29566.13
2023-08-10,29566.16,29701.72,29317.58,29426.29
2023-08-11,29426.29,29529.15,29225.06,29400.81
2023-08-12,29400.81,29465.2,29355.8,29415.55
2023-08-13,29415.42,29442.63,29258.84,29280.68
2023-08-14,29281.26,29657.64,29086.72,29410.46
2023-08-15,29410.49,29455.18,29061.11,29171.11
2023-08-16,29170.51,29223.03,28695.75,28700.25
2023-08-17,28700.45,28752.09,25707.71,26636.54
2023-08-18,26632.3,26817.55,25635.74,26049.7
2023-08-19,26049.68,26261.36,25801.36,26094.41
2023-08-20,26094.4,26286.78,25986.5,26189.37
2023-08-21,26189.43,26235.87,25824.69,26123.47
2023-08-22,26124.68,26134.69,25376.45,26041.97
2023-08-23,26041.95,26796.9,25802.77,26426.2
2023-08-24,26426.23,26561.93,25868.4,26167.89
2023-08-25,26168.14,26281.14,25764.27,26050.46
2023-08-26,26050.48,26102.22,25984,26006.58
2023-08-27,26007.34,26167.97,25965.14,26090.67
2023-08-28,26090.67,26217.92,25859.19,26106.36
2023-08-29,26106,28133.3,25919.09,27723.45
2023-08-30,27723.2,27756.83,27036.36,27300.96
2023-08-31,27300.52,27531.2,25680,25933.06
2023-09-01,25932.85,26129.32,25329.84,25799.99
2023-09-02,25799.99,25974.51,25751.42,25867.76
2023-09-03,25867.76,26114.25,25809.39,25968.69
2023-09-04,25968.69,26082.92,25636.37,25813.74
2023-09-05,25813.99,25865.55,25566.53,25784.58
2023-09-06,25784.61,26014.16,25381.67,25752.96
2023-09-07,25752.94,26420.47,25608.22,26251.59
2023-09-08,26254.37,26431.34,25652.87,25907.09
2023-09-09,25907.11,25929.63,25800.02,25896.65
2023-09-10,25896.65,26012.4,25588.28,25831.23
2023-09-11,25832.7,25883.97,24919.64,25157.81
2023-09-12,25158.03,26523.44,25129.56,25840.88
2023-09-13,25840.61,26510.65,25769.69,26227.94
2023-09-14,26228.09,26843.12,26142.97,26532.4
2023-09-15,26532.4,26881,26227.87,26606.05
2023-09-16,26606.07,26768.54,26464.87,26566.95
2023-09-17,26566.92,26616.07,26416.1,26535.25
2023-09-18,26535.28,27418.17,26394.51,26765.06
2023-09-19,26765.9,27490.11,26680.89,27217.94
2023-09-20,27218.04,27387.78,26827.46,27128.9
2023-09-21,27128.9,27155.49,26374.56,26568.29
2023-09-22,26569.54,26729.87,26481.41,26581.06
2023-09-23,26581.06,26634.09,26520.81,26581.4
2023-09-24,26581.15,26725.61,26147.07,26250.5
2023-09-25,26249.8,26432.01,25989.83,26294.44
2023-09-26,26294.44,26389.35,26087.43,26193.8
2023-09-27,26203.61,26820.15,26095.16,26358.22
2023-09-28,26358.2,27295.76,26326.45,27025.96
2023-09-29,27026.17,27231.27,26691.82,26911.4
2023-09-30,26911.04,27094.04,26887.29,26968.4
2023-10-01,26968.2,28045.98,26961.35,27980.6
2023-10-02,27981.98,28584.79,27312.94,27505.92
2023-10-03,27504.94,27665.61,27178.84,27429.59
2023-10-04,27429.59,27825.91,27229.09,27791.13
2023-10-05,27792.66,28118,27366.62,27423.49
2023-10-06,27423.33,28255.18,27190.12,27946.99
2023-10-07,27946.99,28030.81,27864.69,27973.62
2023-10-08,27973.62,28106.01,27721.91,27933.75
2023-10-09,27933.75,27997.61,27277.55,27587.63
2023-10-10,27589.92,27730.12,27300.99,27396.55
2023-10-11,27395.12,27474.48,26537.83,26865.94
2023-10-12,26865.94,26930.45,26552.62,26755.5
2023-10-13,26755.5,27115.67,26673.87,26861.86
2023-10-14,26861.86,26974.96,26809.28,26855.62
2023-10-15,26855.62,27295.38,26816.84,27172.86
2023-10-16,27172.86,29980.17,27129.69,28517.96
2023-10-17,28517.96,28621.47,28094.81,28409.87
2023-10-18,28409.79,28973.94,28160.4,28329.7
2023-10-19,28329.64,28920.9,28137.38,28733.63
2023-10-20,28733.45,30235.88,28599.35,29682.89
2023-10-21,29682.89,30347.33,29484.06,29923.02
2023-10-22,29923.29,30225.63,29686.04,29998.27
2023-10-23,29998.09,34591.72,29902.22,33065.93
2023-10-24,33064.2,35069.19,32865.93,33921.29
2023-10-25,33923.86,35132.75,33700.09,34498.74
2023-10-26,34498.46,34837.57,33746.85,34159.78
2023-10-27,34159.16,34244.86,33404.98,33907.63
2023-10-28,33908.6,34489.7,33877.91,34090.07
2023-10-29,34089.82,34760.5,33948.63,34535.73
2023-10-30,34535.71,34864.27,34097.63,34496.69
2023-10-31,34498.47,34726.17,34059.09,34659.78
2023-11-01,34659.44,35615.38,34104.63,35441.03
2023-11-02,35441.03,35951.02,34332.98,34941.17
2023-11-03,34944.27,34945.92,34125.29,34734.39
2023-11-04,34734.15,35272.34,34612.24,35087.96
2023-11-05,35087.98,35386.04,34510.89,35042.56
2023-11-06,35043.15,35281.44,34768.03,35044.68
2023-11-07,35044.18,35915.91,34543.83,35429.47
2023-11-08,35430.25,36114.06,35110.42,35639.8
2023-11-09,35633.37,37973.94,35571.26,36709.903971
2023-11-10,36710.05652438,37533.6,36337.18776641,37304.77379417
2023-11-11,37304.56210845,37416.65,36728.11,37148.64725547
2023-11-12,37148.75230692,37235.53,36747.94,37071.80915969
2023-11-13,37075.94,37431.24,36363.79,36484.54
2023-11-14,36484.54,36752.37,34963.82,35560.21
2023-11-15,35559.48,37972.75,35369.19,37886.47
2023-11-16,37886.9,37954.34,35526.24,36183.56
2023-11-17,36183.56,36719.92,35872.33,36614.81
2023-11-18,36614.81,36852.97,36205.65,36582.13
2023-11-19,36582.65,37518.65,36406.19,37377.58
2023-11-20,37377.21,37760.87,36774.1,37469.15
2023-11-21,37468.84,37670.67,35765.58,35772.45
2023-11-22,35772.85,37866.36,35658.37,37418.75
2023-11-23,37419.13,37651.2,36901.24,37304.7
2023-11-24,37304.7,38409.39,37257.37,37717.89
2023-11-25,37717.89,37915.08,37620.86,37809.78
2023-11-26,37809.78,37836.06,37175.78,37465.83
2023-11-27,37465.22,37571.63,36741.24,37255.74
2023-11-28,37255.74,38360.69,36871.27,37818.22
2023-11-29,37818.22,38426.55,37591.07,37870.86
2023-11-30,37870.85,38148.48,37513.42,37728.97
2023-12-01,37727.75,38983.54,37622.28,38688.85
2023-12-02,38688.85,39717.12,38659.66,39471.17
2023-12-03,39471.04,40203.62,39292.85,39988.27
2023-12-04,39988.18,42418.78,39986.31,42005.44
2023-12-05,42005.44,44472.51,41410.51,44073.04
2023-12-06,44073.27,44284.98,43403.51,43771.48
2023-12-07,43770.88,44046.19,42847.91,43276.31
2023-12-08,43276.08,44715.44,43099.6,44185.19
2023-12-09,44185.12,44368.19,43606.51,43725.01
2023-12-10,43725.01,44057.17,43586.34,43801.2
2023-12-11,43801.2,43807.06,40234.37,41253.16
2023-12-12,41253.72,42077.11,40672.49,41473.28
2023-12-13,41473.11,43429.19,40611.07,42849.07
2023-12-14,42849.07,43412.68,41535.22,43030.52
2023-12-15,43030.52,43088.89,41685.63,41945.23
2023-12-16,41945.23,42699.64,41634.34,42273.53
2023-12-17,42273.34,42385.44,41244.8,41343.51
2023-12-18,41343.98,42712.04,40514.87,42617.58
2023-12-19,42617.58,43445.84,41815.41,42267.25
2023-12-20,42267.03,44266.96,42199,43655.71
2023-12-21,43655.71,44240.04,43301.47,43861.62
2023-12-22,43861.62,44394.85,43420.2,43974.33
2023-12-23,43973.54,44019.67,43330.54,43736.05
2023-12-24,43736.05,43961.45,42652.88,43005.68
2023-12-25,43007.66,43819.77,42763.25,43601.04
2023-12-26,43600.8,43601.56,41699.62,42520.23
2023-12-27,42520.23,43670.92,42114.52,43432.47
2023-12-28,43432.77,43814.65,42322.43,42594.77
2023-12-29,42594.77,43119.79,41372.34,42082.07
2023-12-30,42082.07,42609.35,41529.4,42146.38
2023-12-31,42146.38,42887.32,41987.01,42284.71
2024-01-01,42284.71,44173.08,42180.69,44165.88
2024-01-02,44166.14,45894.23,44165.35,44964.68
2024-01-03,44965.34,45508.68,40879.06,42855.11
2024-01-04,42855.11,44746.28,42641.18,44171.58
2024-01-05,44170.47,44346.61,42593.39,44188.64
2024-01-06,44188.81,44243.7,43435.76,44008.11
2024-01-07,44007.88,44502.05,43632.42,43947.06
2024-01-08,43947.19,47250.58,43220.49,46979.41
2024-01-09,46979.43,47975.24,45009.96,46147.55
2024-01-10,46147.27,47691.5,44350.85,46658.68
2024-01-11,46659.24,48965.41,45642.42,46354.23
2024-01-12,46354.35,46511.27,41527.04,42784.68
2024-01-13,42785.13,43238.36,42429.17,42834.13
2024-01-14,42834.13,43070.01,41722.11,41732.68
2024-01-15,41733.73,43328.08,41685.58,42491.28
2024-01-16,42490.68,43536.86,42064.7,43110.23
2024-01-17,43109.97,43181.49,42201.66,42761.67
2024-01-18,42761.67,42885.52,40648.61,41282.04
2024-01-19,41282.12,42144.62,40266.02,41619.59
2024-01-20,41619.59,41825.3,41426.45,41659.07
2024-01-21,41659.09,41849.15,41477.09,41551.57
2024-01-22,41551.55,41661.14,39420.95,39541.6
2024-01-23,39541.8,40128.66,38514.16,39853.25
2024-01-24,39853.52,40521.04,39467.47,40052.4
2024-01-25,40052.41,40283.63,39537.63,39945.62
2024-01-26,39946.29,42215.83,39802.64,41796.66
2024-01-27,41797.19,42187.6,41394.6,42111.19
2024-01-28,42111.22,42825.71,41632.72,42031.95
2024-01-29,42031.74,43298.8,41813.82,43296.19
2024-01-30,43296.17,43844.66,42688.66,42942.15
2024-01-31,42942.65,43735.15,42291.21,42580.43
2024-02-01,42580.43,43251.61,41864.91,43052.42
2024-02-02,43052.42,43456.6,42545.51,43185.97
2024-02-03,43186.04,43357.75,42862.87,42991.05
2024-02-04,42991.05,43102.3,42260.85,42570.33
2024-02-05,42570.33,43538.11,42241.35,42688.9
2024-02-06,42688.9,43329.71,42520.13,43043.57
2024-02-07,43043.94,44370.32,42778.34,44337.66
2024-02-08,44337.66,45594.13,44326.17,45279.32
2024-02-09,45279.31,48151.59,45253.34,47140.17
2024-02-10,47140.23,48175.56,46877.19,47772.77
2024-02-11,47772.77,48592.66,47586.23,48312.66
2024-02-12,48312.59,50331.18,47730.53,49934.34
2024-02-13,49934.94,50371.95,48345.52,49715.7
2024-02-14,49715.46,52040.63,49263.11,51814.67
2024-02-15,51813.82,52858.48,51362.03,51927.93
2024-02-16,51927.93,52609.21,51639.25,52177.35
2024-02-17,52177.35,52199.23,50662.6,51678.05
2024-02-18,51678.05,52391.5,51191.59,52147.67
2024-02-19,52148.37,52499.04,51702.43,51788.1
2024-02-20,51787.56,52985.33,50782.44,52270.68
2024-02-21,52271.09,52377,50664.94,51858.74
2024-02-22,51858.74,52050.48,50948.4,51293.8
2024-02-23,51293.82,51510.13,50504.22,50710.95
2024-02-24,50711.09,51686.61,50578.76,51560.77
2024-02-25,51560.77,51958.8,51285.45,51726.87
2024-02-26,51726.32,54904.32,50909.73,54475.62
2024-02-27,54475.62,57598.88,54474.94,57078.36
2024-02-28,57078.36,63999.4,56720.37,62461.81
2024-02-29,62461.81,63721.31,60464.39,61206.43
2024-03-01,61206.27,63144.73,60815.17,62419.9
2024-03-02,62419.53,62477.8,61625.44,62037.09
2024-03-03,62037.09,63265.2,61382.65,63153.53
2024-03-04,63153.35,68529.47,62435.3,68272.89
2024-03-05,68273.59,69098.16,59458.63,63805.59
2024-03-06,63806.8,67716.7,62869.13,66155.08
2024-03-07,66155.33,67993.47,65614.77,66857.22
2024-03-08,66856.84,70086.7,66227.15,68227.4
2024-03-09,68227.4,68684.03,68013.08,68459.98
2024-03-10,68460.78,70017.01,68249.54,69090.75
2024-03-11,69090.75,72863.62,67232.36,72148.23
2024-03-12,72148.22,72967.53,68721.59,71469.52
2024-03-13,71467.88,73631.22,71343.06,73085.94
2024-03-14,73085.94,73805.27,68680.88,71425.06
2024-03-15,71425.08,72387.77,65618.73,69468.63
2024-03-16,69469.06,70045.19,64811.97,65313.5
2024-03-17,65313.5,68832.37,64504.09,68343.27
2024-03-18,68343.39,68884.47,66522.06,67557.86
2024-03-19,67557.86,68110.55,61553.7,61930.92
2024-03-20,61930.92,68049.4,60761.07,67800.01
2024-03-21,67800.66,68212.81,64559.08,65510
2024-03-22,65510.02,66610.25,62304.12,63776.64
2024-03-23,63777.17,66005.84,63021.25,64010.32
2024-03-24,64010.32,67622.69,63793.54,67208.32
2024-03-25,67208.06,71121.69,66389.3,69882.16
2024-03-26,69882.21,71549.54,69331.15,69999.33
2024-03-27,69999.48,71726.51,68416.26,69464.48
2024-03-28,69464.53,71501.69,68874.44,70745.84
2024-03-29,70745.77,70913.09,69044.13,69854.65
2024-03-30,69854.65,70354.58,69584.19,69624.22
2024-03-31,69623.94,71391.72,69593.39,71316.08
2024-04-01,71316.94,71317.03,68086.79,69658.46
2024-04-02,69659.79,69701.79,64629.25,65481.2
2024-04-03,65481.25,66910,64526.68,65978.95
2024-04-04,65978.95,69300.98,65102.33,68509.51
2024-04-05,68509.51,68747.04,66008.71,67848.42
2024-04-06,67848.44,69683.56,67483.12,68912.02
2024-04-07,68912.71,70308.17,68845.48,69374.42
2024-04-08,69374.42,72753.16,69059.92,71620.26
2024-04-09,71621.12,71747.88,68237.94,69144.49
2024-04-10,69144.49,71113.08,67503.71,70603.08
2024-04-11,70603.08,71274.52,69572.75,70003.48
2024-04-12,70004.01,71230.75,65298.23,67129.26
2024-04-13,67129.16,67954.43,60778.99,63950.99
2024-04-14,63951.92,65881.69,62222.74,65742.41
2024-04-15,65742.41,66883.36,62369.07,63482.47
2024-04-16,63483.76,64345.92,61644.6,63809.94
2024-04-17,63810.64,64504,59735.98,61298.85
2024-04-18,61298.71,64101.36,60802.59,63466.01
2024-04-19,63466.56,65458.56,59644.25,63842.56
2024-04-20,63842.56,65437.54,63133.23,64965.29
2024-04-21,64965.29,65714.62,64261.92,64962.24
2024-04-22,64962.24,67232.58,64523.46,66831.37
2024-04-23,66831.41,67201.37,65837.33,66440.19
2024-04-24,66440.1,67068.83,63614.3,64290.8
2024-04-25,64290.8,65242.79,62776.59,64464.99
2024-04-26,64464.99,64789.47,63320.93,63757.02
2024-04-27,63757.04,63900.53,62414.01,63435.7
2024-04-28,63435.7,64321.92,62766.48,63075.21
2024-04-29,63075.93,64187.93,61790.5,63835.42
2024-04-30,63836.71,64699.48,59181.68,60652.82
2024-05-01,60653.06,60788.07,56537.33,58301.58
2024-05-02,58302.44,59521.43,56904.17,58987.16
2024-05-03,58983.69,63314.35,58815.9,62875.31
2024-05-04,62875.31,64546.76,62592.49,63915.26
2024-05-05,63915.26,64626.95,62904.48,64019.93
2024-05-06,64019.14,65490.54,62722.88,63172.1
2024-05-07,63172.1,64394.22,62268.25,62315.67
2024-05-08,62315.67,63010.56,60887.89,61198.71
2024-05-09,61197.92,63390.34,60621.04,63047.21
2024-05-10,63047.2,63451.11,60207.13,60791.81
2024-05-11,60791.81,61475.35,60480.46,60814.29
2024-05-12,60814.29,61842.47,60610.15,61464.48
2024-05-13,61463.73,63415.76,60738.23,62909.72
2024-05-14,62909.72,63096.43,61133.86,61563.41
2024-05-15,61563.41,66393.88,61316.01,66177.5
2024-05-16,66177.5,66729.92,64636.68,65257.47
2024-05-17,65257.48,67428.97,65115.94,67028.04
2024-05-18,67028.04,67386.32,66627.23,66935.63
2024-05-19,66935.63,67694.37,65902.37,66282.99
2024-05-20,66283.86,71495.51,66059.46,71417.6
2024-05-21,71415.93,71954.66,69178.38,70151.03
2024-05-22,70151.02,70631.51,68970.36,69150.9
2024-05-23,69150.9,70036.95,66411.83,67942.48
2024-05-24,67941.98,69206.16,66588.55,68515.41
2024-05-25,68514.98,69570.23,68491.06,69273.93
2024-05-26,69273.41,69520.11,68217.35,68495.95
2024-05-27,68495.95,70630.13,68228.76,69399.11
2024-05-28,69399.5,69531.77,67239.91,68343.57
2024-05-29,68343.57,68854.39,67078.45,67583.62
2024-05-30,67583.62,69412.65,67050.01,68264.67
2024-05-31,68264.67,69014.9,66657.17,67520.32
2024-06-01,67519.81,67805.55,67374.16,67696.76
2024-06-02,67696.31,68401.91,67258.55,67711.82
2024-06-03,67711.81,70224.57,67578.31,68772.11
2024-06-04,68772.11,71044.1,68557.24,70526.01
2024-06-05,70525.34,71753.35,70392.24,71108.86
2024-06-06,71108.86,71653.38,70137.87,70799.63
2024-06-07,70799.98,71933.05,68490.65,69326.61
2024-06-08,69326.61,69550.6,69151.71,69279.02
2024-06-09,69279.31,69837.12,69130.75,69635.98
2024-06-10,69635.97,70168.32,69187.39,69529.04
2024-06-11,69529.04,69548.25,66100.67,67282.4
2024-06-12,67282.4,69980.74,66896.26,68256.24
2024-06-13,68256.68,68371.51,66271.71,66752.26
2024-06-14,66752.37,67329.81,65048.82,66015.02
2024-06-15,66015,66422.82,65832.81,66191.38
2024-06-16,66191.38,66935.89,66000.36,66638.01
2024-06-17,66637.99,67248.14,65087.28,66456.09
2024-06-18,66456.09,66560,64047.41,65150.97
2024-06-19,65150.97,65687.34,64659.83,64939.18
2024-06-20,64939.18,66456.63,64541.5,64848.66
2024-06-21,64849.16,65026.73,63370.51,64103.47
2024-06-22,64103.47,64500.54,63915.25,64231.9
2024-06-23,64231.9,64491.3,63158.89,63182.54
2024-06-24,63182.55,63322.27,58500.49,60256.15
2024-06-25,60256.15,62343.97,60217.92,61762.91
2024-06-26,61763.3,62467.16,60702.99,60846.6
2024-06-27,60846.27,62344.4,60588.11,61664.49
2024-06-28,61664.49,62126.27,59980.7,60343.42
2024-06-29,60343.41,61100.42,60282.84,60867.4
2024-06-30,60867.41,62939.25,60616.65,62671.75
2024-07-01,62672.04,63750.62,62439.58,62798.26
2024-07-02,62798.63,63222.13,61758.79,62070.58
2024-07-03,62071.35,62191.64,59364.69,60118.85
2024-07-04,60118.85,60423.79,56719.16,56988.1
2024-07-05,56988.27,57511.26,53542.23,56613.21
2024-07-06,56613.99,58467.48,56024.18,58232.34
2024-07-07,58232.34,58429.89,55740.49,55865.04
2024-07-08,55864.9,58186.1,54293.09,56705.18
2024-07-09,56706.67,58255.17,56291.27,58038.82
2024-07-10,58038.63,59432.61,57168.61,57725.72
2024-07-11,57725.72,59432.72,57072.45,57333.89
2024-07-12,57333.89,58517.69,56550.89,57889
2024-07-13,57889.05,59847.24,57771.29,59216.17
2024-07-14,59216.48,61407.54,59212.71,60809.78
2024-07-15,60809.78,64913.21,60673.03,64751.42
2024-07-16,64751.42,65385.83,62424.07,65068.7
2024-07-17,65069.28,66128.32,63899.48,64118.39
2024-07-18,64118.56,65098.49,63239.65,63987.53
2024-07-19,63987.75,67365.84,63294.44,66647.53
2024-07-20,66648.06,67607.59,66271.22,67167.69
2024-07-21,67167.69,68377.41,65810.92,68182.41
2024-07-22,68182.41,68477.85,66586.96,67538.16
2024-07-23,67538.36,67766.54,65470.87,65955.56
2024-07-24,65955.56,67098.15,65136.19,65389.17
2024-07-25,65388.69,66129.38,63460.85,65788.25
2024-07-26,65788.25,68183.48,65720.72,67888.24
2024-07-27,67888.44,69400.91,66668.57,67900.28
2024-07-28,67900.66,68308.86,67067.66,68246.43
2024-07-29,68246.44,70015.86,66469.63,66783.51
2024-07-30,66783.51,66989.37,65315.55,66179.72
2024-07-31,66179.69,66818.7,64514.85,64613.01
2024-08-01,64613.7,65609.86,62282.79,65334.52
2024-08-02,65334.56,65527.61,61182.62,61441.42
2024-08-03,61441.42,62119.38,59797.51,60633.8
2024-08-04,60632.57,61073.33,57225.71,58124.67
2024-08-05,58125.11,58278.54,49111.87,53969.16
2024-08-06,53969.75,57045.48,53969.75,56043.79
2024-08-07,56042.84,57720.63,54584.69,55148.39
2024-08-08,55148.13,62713.56,54743.69,61694.1
2024-08-09,61694.3,61753.59,59560.79,60850.01
2024-08-10,60849.23,61486.2,60274.3,60946.53
2024-08-11,60946.52,61788.78,58334.62,58723.62
2024-08-12,58723.62,60683.46,57672.21,59351.93
2024-08-13,59352.19,61559.73,58461.18,60596.19
2024-08-14,60595.72,61727.31,58470.39,58701.9
2024-08-15,58701.89,59853.84,56150.16,57554.6
2024-08-16,57554.6,59824.98,57110.87,58884.89
2024-08-17,58884.89,59707.24,58811.96,59505.26
2024-08-18,59505.23,60269.38,58429.72,58435.43
2024-08-19,58435.43,59607.67,57836.69,59445.55
2024-08-20,59445.55,61395.33,58612.88,59032.08
2024-08-21,59032.09,61818.68,58808.26,61158.13
2024-08-22,61158.53,61410.36,59785.95,60387.52
2024-08-23,60387.28,64938.03,60349.92,64041.06
2024-08-24,64041.93,64510.42,63603.14,64198.68
2024-08-25,64198.51,64998.01,63806.56,64244.37
2024-08-26,64244.05,64499.77,62839.62,62864.15
2024-08-27,62864.91,63218.69,58084.55,59426
2024-08-28,59426.68,60222.51,57886.45,59038.94
2024-08-29,59035.31,61164.22,58769,59367.32
2024-08-30,59367.17,59904.13,57782.58,59122.55
2024-08-31,59122.23,59445.03,58738.92,58963.04
2024-09-01,58963.19,59063.78,57200.17,57294.41
2024-09-02,57294.11,59417.4,57131.5,59130.9
2024-09-03,59130.9,59798.99,57416.49,57485.7
2024-09-04,57485.77,58498.58,55633.62,57955.7
2024-09-05,57955.69,58321.86,55663.97,56176.74
2024-09-06,56177.23,56972.32,52568.05,53942.92
2024-09-07,53943.29,54825.1,53731.1,54138.52
2024-09-08,54139.54,55301.85,53627.54,54861.39
2024-09-09,54860.83,58010.1,54588.6,57036.22
2024-09-10,57037.33,58049.17,56411.91,57644.57
2024-09-11,57643.87,57975.18,55567.46,57334.42
2024-09-12,57333.7,58541.5,57331.58,58136.85
2024-09-13,58136.83,60619.6,57635.42,60492.4
2024-09-14,60492.4,60640.45,59482.73,60024.82
2024-09-15,60024.74,60387.24,58705.69,59143.29
2024-09-16,59143.29,59203.81,57501.89,58210.45
2024-09-17,58210.27,61301.94,57614.6,60301.43
2024-09-18,60301.53,61785.71,59196.44,61761.24
2024-09-19,61761.24,63848.07,61574.17,62948.92
2024-09-20,62948.92,64128.63,62361.56,63207.65
2024-09-21,63207.65,63541.92,62765.79,63354
2024-09-22,63354.09,64004.14,62389.28,63581.79
2024-09-23,63582.02,64734.03,62594.77,63334.1
2024-09-24,63334.1,64677.71,62727.06,64259.84
2024-09-25,64259.84,64799.96,62948.12,63149.84
2024-09-26,63150.36,65767.98,62659.78,65153.56
2024-09-27,65153.6,66448.98,64831.65,65780.82
2024-09-28,65780.91,66253.23,65435.9,65865.82
2024-09-29,65865.82,66076.49,65443.32,65610.48
2024-09-30,65610.48,65624.51,62877.24,63333.91
2024-10-01,63333.91,64107.5,60170.68,60804.36
2024-10-02,60803.97,62347.93,59985.53,60635.65
2024-10-03,60635.65,61461.8,59863.83,60739.06
2024-10-04,60739.06,62469.85,60458.44,62073.33
2024-10-05,62073.66,62365.57,61690.61,62057.09
2024-10-06,62057.09,62958.07,61807.62,62817
2024-10-07,62817,64434.59,62131.29,62215.31
2024-10-08,62215.91,63178.6,61861.74,62142.54
2024-10-09,62142.02,62505.15,60287.08,60601.56
2024-10-10,60601.56,61262.18,58901.8,60270.16
2024-10-11,60270.17,63351.76,60038.33,62475.42
2024-10-12,62475.59,63447.57,62465.69,63181.71
2024-10-13,63181.8,63266.54,62033.59,62850.2
2024-10-14,62850.22,66461.76,62434.5,66056.71
2024-10-15,66057.14,67901.09,64800.57,67049.62
2024-10-16,67049.61,68393.01,66744.15,67606.05
2024-10-17,67606.19,67924.19,66662.32,67405.89
2024-10-18,67405.85,68976.06,67171.46,68403.49
2024-10-19,68403.16,68683.05,68012.07,68365.42
2024-10-20,68365.42,69380.74,68089.36,69018.19
2024-10-21,69018.19,69488.97,66825.11,67356.34
2024-10-22,67356.34,67786.75,66568.67,67396.05
2024-10-23,67396.05,67410.14,65216.96,66624.4
2024-10-24,66624.4,68771.11,66444.01,68124.62
2024-10-25,68124.86,68718.99,65573.68,66657.31
2024-10-26,66657.55,67306.72,66316.67,66958.59
2024-10-27,66958.59,68226.49,66847.86,67930.66
2024-10-28,67930.66,70183.96,67536.27,69871.42
2024-10-29,69872.39,73565.61,69716.72,72689.38
2024-10-30,72689.38,72920.81,71425.94,72325.4
2024-10-31,72325.68,72668.4,69665.16,70272
2024-11-01,70272.01,71517.84,68737.4,69407.96
2024-11-02,69408.69,69867.13,68992.96,69327.83
2024-11-03,69320.28,69365.03,67463.27,68748.59
2024-11-04,68748.07,69459.68,66813.74,67823.44
2024-11-05,67823.44,70496.45,67441.03,69331.84
2024-11-06,69332.08,76375.95,69293.58,75567.98
2024-11-07,75567.98,76884.75,74483.19,75915.04
2024-11-08,75915.04,77229.57,75640.15,76558.57
2024-11-09,76558.57,76945.54,75767.9,76723
2024-11-10,76723,81468.34,76528.66,80397.23
2024-11-11,80398.01,89576.35,80269.79,88703.61
2024-11-12,88702.38,90030.47,85194.7,88053.1
2024-11-13,88059.89,93322.82,86207.97,90459.32
2024-11-14,90459.32,91859.45,86786.94,87424.56
2024-11-15,87425.27,91832.07,87087.19,91034.61
2024-11-16,91034.58,91776.58,90097.03,90581.65
2024-11-17,90583.12,91473.85,88753.71,89876.59
2024-11-18,89878.14,92586.29,89395.29,90473.71
2024-11-19,90473.64,93943.19,90410.94,92340.41
2024-11-20,92341.05,94932.82,91618.23,94410.28
2024-11-21,94410.46,99024.9,94111.8,98393.04
2024-11-22,98392.74,99662.22,97243.31,98987.79
2024-11-23,98987.79,99004.5,97236.77,97769.99
2024-11-24,97769.99,98628.18,95831.12,97985
2024-11-25,97985.03,98953.96,92732.26,93108.59
2024-11-26,93108.59,94966.43,90799.17,91957.4
2024-11-27,91957.4,97154.39,91756.67,95814.13
2024-11-28,95814.13,96645.51,94727.86,95727.22
2024-11-29,95727.31,98622.31,95373.19,97464.89
2024-11-30,97465.06,97498.52,96135.72,96451.82
2024-12-01,96451.16,97876.18,95749.71,97244.07
2024-12-02,97243.47,98171.44,94473.97,95890.43
2024-12-03,95890.59,96318.78,93619.07,95883.21
2024-12-04,95882.74,99057.88,94659.26,98668.02
2024-12-05,98667.25,104100.85,91950.39,97084.36
2024-12-06,97083.18,101987.45,96471.24,99841.87
2024-12-07,99843.76,100577.73,99031.44,99983.7
2024-12-08,99983.7,101417.79,98754.13,101186.35
2024-12-09,101186.35,101262.85,94261.49,97379.83
2024-12-10,97379.83,98295.68,94315.85,96628.93
2024-12-11,96628.89,101931.75,95725.49,101176.3
2024-12-12,101176.56,102568.99,99378.34,100062.38
2024-12-13,100062.04,101899.39,99229.33,101434.2
2024-12-14,101434.2,102649.62,100631.66,101432.34
2024-12-15,101432.34,105133.23,101217.05,104432.4
2024-12-16,104432.16,107746.87,103326.18,106022.38
2024-12-17,106022.38,108367.38,105368.76,106160.82
2024-12-18,106161.43,106495.23,100041.75,100210.53
2024-12-19,100210.62,102745.57,95661.88,97416.84
2024-12-20,97417.33,98143.75,92209.51,97719.25
2024-12-21,97719.71,99491.81,96378.17,97235.03
2024-12-22,97232.93,97386.14,94205.57,95129.77
2024-12-23,95129.77,96433.84,92445.09,94788.81
2024-12-24,94788.81,99346.24,93453.03,98540.12
2024-12-25,98539.98,99482.3,97589.31,99363.7
2024-12-26,99363.16,99872.4,95129.39039537,95707.23
2024-12-27,95707.25,97360.82,93406.34,94188.87
2024-12-28,94187.9,95570.71,94000.24,95159.43
2024-12-29,95159.02,95164.22,92861.95,93564.61
2024-12-30,93564.61,94834.17,91378.37,92625.28
2024-12-31,92625.28,96057.99,91885.57,93401.86
2025-01-01,93403.02,94947.39,92759.28,94393.23
2025-01-02,94393.23,97625.56,94201.73,96782.18
2025-01-03,96781.12,98868.07,96009.38,98073.62
2025-01-04,98073.62,98713.2,97515.02,98172.57
2025-01-05,98172.57,98800.14,97264.08,98346.45
2025-01-06,98345.98,102449.88,97900.07,102208.74
2025-01-07,102208.74,102718.7,96229.17,96991.47
2025-01-08,96990.11,97250.52,92540.59,95055.77
2025-01-09,95055.16,95348.77,91207.21,92522.62
2025-01-10,92522.21,95799.73,92245.47,94720.51
2025-01-11,94720.51,94999.2,93829.19,94583.97
2025-01-12,94583.96,95395.73,93680.06,94506.34
2025-01-13,94506.05,95868.62,89294.09,94486.53
2025-01-14,94486.64,97329.12,94315.48,96522.21
2025-01-15,96522.21,100640.74,96469.07,100462.6
2025-01-16,100464.91,100863.26,97374.69,99994.37
2025-01-17,99994.06,105826.54,99940.56,104063.41
2025-01-18,104063.2,105017.72,102321.12,104588.64
2025-01-19,104588.64,106292.15,99560.16,101204.35
2025-01-20,101204.35,109396.43,99462.66,102130.99
2025-01-21,102130.81,107105.87,100078.65,106019.48
2025-01-22,106019.3,106382.15,103360.31,103709.52
2025-01-23,103709.43,106788.16,101227.38,103859.17
2025-01-24,103859.16,107124.49,102773.03,104881.09
2025-01-25,104880.79,105275.71,104103.98,104736.02
2025-01-26,104736.02,105461.24,102503.76,102603.67
2025-01-27,102604.77,103216.34,97759.61,102045.3
2025-01-28,102045.99,103742.07,100260.37,101323.48
2025-01-29,101323.93,104720.9,101270.23,103679.05
2025-01-30,103678.74,106420.93,103315.92,104728.54
2025-01-31,104728.51,106015.74,101589.36,102437.64
2025-02-01,102437.64,102750.29,100258.62,100607.47
2025-02-02,100607.47,101433.86,96168.04,97676.98
2025-02-03,97677.16,102433.41,91266.16,101310.21
2025-02-04,101310.19,101802.93,96249.45,97857.7
2025-02-05,97857.65,99144.93,96182.99,96631.55
2025-02-06,96632.02,99122.3,95695.87,96561.76
2025-02-07,96561.77,100134.71,95651.21,96514.28
2025-02-08,96514.28,96897.91,95717.1,96465.73
2025-02-09,96466.67,97332.87,94738.86,96477.68
2025-02-10,96477.68,98346.7,95282.27,97446.97
2025-02-11,97446.98,98493.84,94900.94,95791.93
2025-02-12,95791.93,98086.03,94081.37,97855.03
2025-02-13,97855.03,98085,95240.64,96613.77
2025-02-14,96613.76,98833.29,96292.47,97508.09
2025-02-15,97508.09,97975.87,97233.82,97579.82
2025-02-16,97579.83,97721.89,96070.2,96137.19
2025-02-17,96135.81,97041.63,95219.24,95784.7
2025-02-18,95784.7,96735.87,93386.63,95654.59
2025-02-19,95653.88,96821.18,94996.06,96585.31
2025-02-20,96588.72,98706.05,96414.36,98297.15
2025-02-21,98297.14,99495.72,94915.8,96193.81
2025-02-22,96193.65,96918.85,95730.34,96495.16
2025-02-23,96494.6,96657.85,95260.34,96267.34
2025-02-24,96267.34,96495.74,91349.89,91553.36
2025-02-25,91553.36,92521.14,86047.25,88665.87
2025-02-26,88666.75,89302.68,82174.6,84132.52
2025-02-27,84131.24,86943.61,82612.72,84587.34
2025-02-28,84587.34,85028.6,78219.9,84273.72
2025-03-01,84273.72,86512.93,83792.99,86027.63
2025-03-02,86027.57,94970.44,85027.15,94234.98
2025-03-03,94237.87,94415.96,85144.38,86224.67
2025-03-04,86224.68,88883.82,81480.29,87216.88
2025-03-05,87216.88,90963.57,86378.3,90588.54
2025-03-06,90588.54,92802.64,87857.39,89930.35
2025-03-07,89930.46,91255.11,84705.63,86795.31
2025-03-08,86795.31,86858.29,85220.79,86185.71
2025-03-09,86185.71,86473.98,80009.33,80706.8
2025-03-10,80706.61,84014.64,77449.57,78575.36
2025-03-11,78574.3,83568.29,76598.73,82885.66
2025-03-12,82885.66,84382.44,80600.46,83653.6
2025-03-13,83653.12,84302.64,79927.73,81091.33
2025-03-14,81090.6,85259.56,80791.76,83939.05
2025-03-15,83939.72,84678.18,83633.78,84340.53
2025-03-16,84340.53,85084.16,82000.86,82581.67
2025-03-17,82581.54,84736.29,82475.62,84005.53
2025-03-18,84005.53,84016.85,81157.33,82711.42
2025-03-19,82711.43,86981.78,82535.13,86822.47
2025-03-20,86823.28,87454.58,83681.03,84241.12
2025-03-21,84240.58,84788.38,83132.38,84039.85
2025-03-22,84038.68,84506.62,83637.77,83814.77
2025-03-23,83814.76,86109.64,83797.49,86065.24
2025-03-24,86079.47,88761.99,85523.36,87493.95
2025-03-25,87493.63,88545.49,86346.24,87424.5
2025-03-26,87423.79,88292.21,85878.19,86921.9
2025-03-27,86921.9,87759.17,85837.5,87238.25
2025-03-28,87238.25,87489.8,83578.36,84399.88
2025-03-29,84400.34,84577.79,81625.48,82608.28
2025-03-30,82609.27,83508.14,81548.02,82348.9
2025-03-31,82349.95,83911.2,81279.41,82545.08
2025-04-01,82544.56,85515.13,82417.05,85145.96
2025-04-02,85148.22,88454.91,82341.68,82519.49
2025-04-03,82519.99,83919.79,81233.29,83166.42
2025-04-04,83166.51,84689.69,81637.16,83857
2025-04-05,83856.79,84234.94,82360.65,83506.02
2025-04-06,83505.44,83739.49,77134.59,78389.87
2025-04-07,78387.38,81140.43,74458.42,79109.77
2025-04-08,79109.5,80824.48,76208.85,76286.05
2025-04-09,76285.93,83506.88,74565.33,82534.72
2025-04-10,82534.72,82719.6,78451.65,79586.18
2025-04-11,79586.18,84232.8,78930.36,83369.12
2025-04-12,83369.12,85856.69,82759.13,85241.74
2025-04-13,85241.74,86064.58,83035.02,83749.21
2025-04-14,83749.68,85771.06,83664.81,84569.07
2025-04-15,84568.73,86456.6,83596.17,83639.1
2025-04-16,83639.1,85468.46,83106.4,84025.68
2025-04-17,84025.94,85468.85,83742.66,84946.32
2025-04-18,84945.91,85130.79,84310.16,84473.48
2025-04-19,84473.18,85623.83,84359.46,85069.6
2025-04-20,85069.36,85313.14,83951.04,85172.78
2025-04-21,85172.78,88456.45,85143.4,87512.97
2025-04-22,87512.57,93876.17,87084.49,93440.69
2025-04-23,93439.14,94612.47,91980.04,93725.34
2025-04-24,93726.3,94034.53,91705.52,94013.61
2025-04-25,94013.52,95773.15,92891.31,94678.2
2025-04-26,94680.13,95254.37,93932.63,94682.83
2025-04-27,94682.83,95347.6,93657.41,93770.81
2025-04-28,93772.19,95626,92839.27,95039.6
2025-04-29,95039.6,95474.15,93772.12,94280.06
2025-04-30,94280.59,95246.06,92951.99,94198.8
2025-05-01,94198.8,97433.46,94143.88,96499.1
2025-05-02,96499.1,97915.45,96380.82,96915.96
2025-05-03,96915.96,96955.16,95796.31,95893.05
2025-05-04,95894.54,96319.38,94183.5,94301.11
2025-05-05,94301.12,95206.04,93541.38,94743.18
2025-05-06,94743.18,96907.56,93395.67,96824.91
2025-05-07,96824.63,97709.58,95789.97,97025.75
2025-05-08,97025.97,104095.83,96903.36,103281.37
2025-05-09,103281.14,104346.21,102327.17,102970.96
2025-05-10,102970.95,104985.12,102839.58,104821
2025-05-11,104821,104965.53,103356.83,104124.52
2025-05-12,104125.74,105787.05,100762.99,102809.3
2025-05-13,102809.31,104963.56,101438.39,104112.95
2025-05-14,104112.95,104351.67,102616.04,103512.19
2025-05-15,103512.19,104190.15,101420.7,103777.74
2025-05-16,103777.74,104558.63,103121.79,103483.11
2025-05-17,103483.45,103738.63,102643.59,103157.98
2025-05-18,103158.01,106675.61,103138.74,106483.14
2025-05-19,106483.49,107141.59,102127.65,105623.03
2025-05-20,105623.03,107334.87,104221.72,106871.49
2025-05-21,106870.21,110770.02,106137.8,109683.43
2025-05-22,109683.06,112006.33,109268.33,111740.87
2025-05-23,111741.17,111818.29,106832.58,107347.49
2025-05-24,107347.28,109512.32,106918.67,107788.18
2025-05-25,107788.12,109339.4,106661.85,109042.54
2025-05-26,109042.15,110452.04,108718.85,109479.87
2025-05-27,109482.9,110758.19,107569.79,108977.63
2025-05-28,108977.63,109328.88,106852,107835.45
2025-05-29,107835.45,108924.51,105378.85,105617.3
2025-05-30,105616.91,106314.5,103645.14,103996.28
2025-05-31,103996.28,104938.55,103121.59,104637.36
2025-06-01,104637.36,105915.6,103818.87,105696.24
2025-06-02,105696.24,105986.11,103727.05,105901.3
2025-06-03,105901.3,106834.84,104925.31,105427.76
2025-06-04,105428.56,106055.21,104271.18,104760.74
2025-06-05,104759.59,105968.46,100464.15,101566.38
2025-06-06,101566.39,105379.57,101159.73,104348.69
2025-06-07,104348.25,105974.08,103962.71,105626.75
2025-06-08,105626.75,106520.18,105055.63,105788.72
2025-06-09,105789.37,110564.76,105375.86,110316.7
2025-06-10,110316.7,110424.55,108401.87,110315.07
2025-06-11,110314.22,110405.07,108090.97,108670.2
2025-06-12,108672.47,108832.19,105721.53,105723.38
2025-06-13,105723.66,106213.5,102747.48,106116.32
2025-06-14,106116.02,106269.83,104370.34,105465.98
2025-06-15,105465.98,106172.64,104545.21,105637.95
2025-06-16,105637.95,108953.12,104999.47,106812.7
2025-06-17,106812.7,107801.83,103423.97,104607.62
2025-06-18,104606.77,105565.31,103536.86,104907.94
2025-06-19,104907.97,105244.52,103952.73,104686.41
2025-06-20,104687.03,106532.81,102378.4,103307.86
2025-06-21,103307.41,104004.91,100924.02,102141.86
2025-06-22,102141.86,103398.23,98242.47,100998.11
2025-06-23,100998.11,106082.65,99674.67,105380.72
2025-06-24,105383.88,106339.05,104705.59,106158.79
2025-06-25,106157.87,108166.06,105860.6,107384.22
2025-06-26,107384.22,108316.43,106649.44,107004.85
2025-06-27,107003.54,107762.57,106425.23,107073.61
2025-06-28,107072.98,107583.15,106860.26,107342.09
2025-06-29,107342.05,108543.94,107221.65,108396.41
2025-06-30,108396.4,108798.98,106759.05,107171.26
2025-07-01,107171.26,107561.25,105287.89,105709.98
2025-07-02,105711.05,109739.12,105145.31,108861.49
2025-07-03,108861.49,110548.25,108586.72,109636.28
2025-07-04,109636.29,109796.6,107310.18,108021.35
2025-07-05,108021.13,108419.16,107792.27,108226.63
2025-07-06,108226.29,109721.61,107841.29,109231.32
2025-07-07,109231.32,109704.07,107533.61,108275.34
2025-07-08,108275.34,109215.78,107472.36,108929.55
2025-07-09,108929.92,112017.58,108350.63,111259.54
2025-07-10,111259.47,116785.47,110591.94,116040.62
2025-07-11,116040.31,118845.91,115238.05,117542.18
2025-07-12,117542.56,118244.01,116964.16,117465.08
2025-07-13,117464.63,119502.23,117261.9,119121.48
2025-07-14,119121.88,123217.39,118954.57,119890.3
2025-07-15,119890.29,119961.64,115769.79,117777.45
2025-07-16,117777.45,120027.69,117026.09,118640.81
2025-07-17,118638.71,120996.4,117516.45,119234.92
2025-07-18,119234.92,120885.4,116899.86,118006.64
2025-07-19,118006.64,118570.41,117367.23,117920.27
2025-07-20,117920.27,118909.59,116553.53,117328.31
2025-07-21,117329.48,119675.96,116573.34,117430.98
2025-07-22,117430.99,120296.21,116193.29,120008.72
2025-07-23,120008.86,120138.5,117361.23,118807.32
2025-07-24,118807.32,119520.3,117172.72,118380.51
2025-07-25,118380.51,118505.2,114786.35,117665.66
2025-07-26,117665.66,118282.37,117139.52,117904.42
2025-07-27,117904.42,119801.96,117860.23,119451.69
2025-07-28,119450.36,119821.01,117447.59,118085.05
2025-07-29,118085.05,119262.83,116964.09,117940.69
2025-07-30,117941.06,118749.21,115782.35,117815.05
2025-07-31,117815.05,118912.28,115496.24,115760.52
2025-08-01,115760.98,116043.95,112726.22,113287.47
2025-08-02,113287.9,114007,111979.94,112505.54
2025-08-03,112506.39,114741.37,111932.6,114181.51
2025-08-04,114181.37,115723.4,114123.27,115063.54
2025-08-05,115063.54,115118.29,112673.88,114128.57
2025-08-06,114128.57,115691.9,113346.77,114979.84
2025-08-07,114979.83,117639.57,114285.4,117492.75
2025-08-08,117493.8,117661.03,115931.26,116700.22
2025-08-09,116700.24,117927.03,116360.16,116479.34
2025-08-10,116479.65,119336.04,116478.91,119317.23
2025-08-11,119318.3,122324.86,118167.58,118707.84
2025-08-12,118706.96,120317.02,118209.5,120130.71
2025-08-13,120130.71,123629.34,118929.52,123286.81
2025-08-14,123286.98,124501.31,117257.43,118336.1
2025-08-15,118336.1,119294.92,116884.41,117418.07
2025-08-16,117417.97,117974.16,117228.04,117462.09
2025-08-17,117463.89,118631.9,117252.7,117477.6
2025-08-18,117477.6,117616.16,114722.67,116295.87
2025-08-19,116294.7,116775.8,112785.03,112926.12
2025-08-20,112926.11,114599.17,112373.45,114259.37
2025-08-21,114259.37,114811.36,112022.37,112504.03
2025-08-22,112504.03,117390.57,111659.94,116905.29
2025-08-23,116905.19,116985.56,114525.3,115389.17
2025-08-24,115389.17,115620.96,110788.83,113453.43
2025-08-25,113452.47,113647.38,109278.61,110101.32
2025-08-26,110101.32,112381.92,108740.46,111777.6
2025-08-27,111777.6,112623.86,110378.22,111269.13
2025-08-28,111269.13,113471.07,110872.15,112566.97
2025-08-29,112566.97,112637.22,107495.78,108375.96
2025-08-30,108376.6,108929.76,107378.13,108821.54
2025-08-31,108821.53,109493.48,108099.6,108259.76
2025-09-01,108259.76,109906.83,107265.32,109242.99
2025-09-02,109242.99,111778.34,108410.95,111249.93
2025-09-03,111249.82,112573.52,110542.32,111707.85
2025-09-04,111707.85,112230.58,109387.2,110773.28
2025-09-05,110773.12,113391.61,110247.26,110678.88
2025-09-06,110676.13,111314.27,110007.17,110194.86
2025-09-07,110195.33,111632.69,110195.33,111177.07
2025-09-08,111177.32,112922.78,110631.44,112074.5
2025-09-09,112074.5,113293.18,110791.08,111554.36
2025-09-10,111552.33,114313.65,110935.2,113970.85
2025-09-11,113970.85,115499.92,113451.36,115496.98
2025-09-12,115496.98,116695.83,114782.86,116064.22
2025-09-13,116064.22,116363.67,115243.54,115993.86
2025-09-14,115994.3,116213.09,115187.7,115334.81
2025-09-15,115336.14,116791.65,114445.46,115406.07
2025-09-16,115406.07,116997.15,114813.98,116826.29
2025-09-17,116826.3,117324.11,114798.4,116486.38
2025-09-18,116486.38,117932.88,116154.93,117111.87
2025-09-19,117111.87,117507.21,115149.82,115680.95
2025-09-20,115680.95,116193.8,115481.04,115848.72